SBS0_Load,SBS0_SINR,SBS0_PRB,SBS0_Power,SBS1_Load,SBS1_SINR,SBS1_PRB,SBS1_Power,SBS2_Load,SBS2_SINR,SBS2_PRB,SBS2_Power,SBS3_Load,SBS3_SINR,SBS3_PRB,SBS3_Power,SBS4_Load,SBS4_SINR,SBS4_PRB,SBS4_Power,SBS5_Load,SBS5_SINR,SBS5_PRB,SBS5_Power,Throughput,Delay,SINR,EnergyEfficiency,TotalPower,PacketLoss,BackhaulUtilization,SleepRatio,ActiveSBS,Reward
20.4779,18.1864,34,30,11.1109,2.63746,29,22,13.221,17.7673,42,28,31.9291,7.46619,39,25,54.5281,4.40662,44,23,33.3255,22.208,52,31,35.3751,0.002,12.112,0.941727,37.5641,2.5,6.70252,0.333333,6,47.3803
57.1113,9.37345,31,26,25.8496,16.3211,45,26,45.4549,12.2661,48,31,36.8722,19.9138,52,31,11.1158,9.55603,35,23,44.9429,13.6487,49,22,33.5492,0.002,13.5132,0.89056,37.6721,2.5,5.91382,0,6,44.2471
10.7508,7.69476,22,28,44.7731,10.1797,30,25,53.0587,10.702,31,29,17.8637,16.8235,22,31,40.5609,9.27189,45,24,35.4987,14.1778,47,29,15.9673,0.008,11.4749,0.419685,38.046,4.5,2.13493,0,6,6.16075
23.186,17.2126,33,28,45.9805,11.8756,21,29,57.652,13.7193,35,25,43.9457,20.4715,39,26,55.4085,26.8571,65,30,22.8936,9.16443,26,27,62.2291,0.005,16.5501,1.72185,36.1408,2.5,24.5965,0.166667,5,93.4643
15.4898,9.50032,20,25,52.3399,10.712,26,24,22.5953,18.9261,30,30,46.9324,16.2027,21,31,59.2137,5.50637,40,27,18.9041,20.4775,42,25,36.4844,0.008,13.5542,0.969201,37.6438,0.5,8.83508,0,6,57.1636
29.0501,17.5018,34,30,37.2785,11.0209,20,23,27.6807,10.2352,28,22,58.4571,11.9296,33,27,23.0271,7.33936,24,26,46.7068,10.6785,31,26,31.655,0.008,11.4509,0.90043,35.1554,1.5,18.7255,0.166667,5,45.2718
33.6052,20.2716,38,25,41.6561,12.3373,32,25,18.9201,24.7044,39,29,44.1137,7.72417,20,25,34.8962,11.3705,45,22,34.2122,25.2133,57,31,47.9197,0.006,16.9369,1.28954,37.1604,2.5,14.9227,0,6,68.7453
33.6052,20.2716,38,27,41.6561,12.3373,22,25,18.9201,24.7044,39,31,44.1137,7.72417,20,25,34.8962,11.3705,45,22,34.2122,25.2133,42,31,47.9197,0.006,16.9369,1.26738,37.81,2.5,7.61361,0,6,68.7354
34.1211,21.4279,39,27,37.0397,22.5315,30,31,57.7368,12.0323,33,24,20.293,7.36547,20,24,59.0727,10.3847,50,27,35.491,15.051,33,22,42.5321,0.009,14.7988,1.15194,36.9222,2.5,7.64949,0,6,59.7855
43.1607,11.9834,31,21,31.3017,20.0933,27,29,37.5579,15.5305,33,29,42.093,4.0222,24,24,44.9647,14.8673,50,28,33.3261,16.1086,33,31,29.9812,0.004,13.7675,0.791988,37.8556,1.5,4.72115,0,6,42.1176
27.539,14.1788,26,30,35.6179,27.588,39,27,11.8063,26.5937,34,29,44.4128,5.45859,20,22,11.1351,15.1861,35,24,53.2838,14.9307,30,26,44.583,0.003,17.3227,1.20159,37.1033,0.5,5.05994,0,6,71.3522
27.539,14.1788,26,27,35.6179,27.588,29,29,11.8063,26.5937,34,30,44.4128,5.45859,20,22,11.1351,15.1861,35,24,53.2838,14.9307,30,26,44.583,0.003,17.3227,1.25222,35.6033,0.5,27.5486,0.166667,5,71.2025
59.6315,21.7285,42,30,15.6565,20.0599,35,30,34.4075,14.7286,33,29,37.3686,8.66072,20,27,55.6111,11.2313,51,24,52.8732,4.86094,43,24,38.1333,0.003,13.545,1.05057,36.2979,3.5,34.698,0.166667,5,47.6447
53.2241,19.8499,39,27,35.207,22.4011,40,29,50.0937,11.4781,32,22,52.2266,2.7613,20,22,21.8008,11.8343,41,30,54.3045,27.0323,47,28,56.9794,0.002,15.8928,1.52992,37.2435,4.5,16.7665,0,6,76.216
33.0769,18.7417,30,20,42.838,7.87022,23,23,21.0983,10.5225,22,22,14.7965,17.8759,20,26,18.2012,24.7567,46,29,47.5589,18.8094,33,27,45.3264,0.006,16.4294,1.25379,36.1516,0.5,7.98981,0,6,72.8581
33.0769,18.7417,30,20,42.838,7.87022,20,23,21.0983,10.5225,22,22,14.7965,17.8759,28,26,18.2012,24.7567,34,29,47.5589,18.8094,33,27,43.5705,0.006,16.4294,1.20522,36.1516,0.5,11.0596,0,6,69.7435
18.6347,14.3773,29,22,44.3893,19.7573,28,27,34.7252,18.3767,36,31,52.2136,17.7006,27,31,58.8729,7.48828,47,24,58.0153,14.4022,53,23,27.9686,0.004,15.3504,0.743289,37.6282,1.5,6.81497,0,6,38.6646
10.1759,15.1499,29,24,47.5924,6.92293,20,27,33.8862,9.53645,28,25,13.4637,26.9748,41,31,11.9037,19.8647,44,27,29.7462,14.7223,32,27,50.3623,0.002,15.5285,1.34911,37.3299,4.5,8.18522,0,6,65.0944
50.0987,5.06074,26,22,32.3046,15.7675,23,23,32.6,14.8196,32,26,59.0323,9.17721,31,25,43.1916,14.1253,23,28,25.2707,13.7177,30,22,27.2005,0.004,12.1114,0.75848,35.8618,4.5,12.5348,0,6,25.6035
50.0987,5.06074,26,22,32.3046,15.7675,23,23,32.6,14.8196,32,24,59.0323,9.17721,21,27,43.1916,14.1253,49,28,25.2707,13.7177,30,24,27.2005,0.004,12.1114,0.755725,35.9925,4.5,4.44118,0,6,25.8139
21.4769,11.0893,27,23,42.1059,10.1869,20,23,53.8543,7.90893,30,23,59.0659,9.58333,21,26,42.9469,13.69,33,29,51.1023,19.7306,56,25,40.7135,0.005,12.0315,1.12757,36.1072,3.5,13.5929,0,6,52.7695
53.2661,11.8141,27,22,59.7881,13.5938,20,30,42.9609,5.8707,21,22,28.5368,17.5492,20,28,51.1057,8.38206,41,22,19.9215,19.9859,41,27,31.8066,0.006,12.8659,0.905975,35.1076,0.5,24.5421,0.166667,5,49.3828
51.3998,4.13826,25,20,26.2446,3.16695,20,22,27.4601,13.4576,31,31,47.5328,5.6846,27,22,31.4203,21.1582,52,30,34.2939,15.7326,34,30,43.5417,0.004,10.5564,1.20361,36.1759,4.5,24.442,0.166667,5,53.2942
51.3998,4.13826,25,20,26.2446,3.16695,20,22,27.4601,13.4576,31,31,47.5328,5.6846,20,22,31.4203,21.1582,52,30,34.2939,15.7326,34,30,43.5417,0.004,10.5564,1.15569,37.6759,4.5,8.79913,0,6,53.2601
49.9869,17.1676,32,25,42.9851,17.2205,21,26,52.5478,20.8676,35,25,22.865,24.357,24,27,20.9457,21.1775,45,26,55.4007,11.8786,46,23,38.0715,0.006,18.7781,1.05375,36.1294,0.5,10.3681,0,6,60.3059
40.192,8.54872,28,20,37.0943,5.93556,20,22,20.1109,17.4576,33,30,52.9233,15.2325,35,24,30.6922,14.1962,45,25,26.3798,14.2391,30,26,31.9133,0.005,12.6016,0.919054,34.724,3.5,18.1703,0.166667,5,37.8743
55.464,7.54695,29,23,28.1589,14.2334,21,28,27.4097,13.9718,31,26,30.9231,15.5349,22,31,43.0242,7.2747,43,24,27.0276,8.11475,26,27,28.3465,0.004,11.1128,0.761187,37.2399,2.5,7.57118,0,6,35.3829
55.464,7.54695,29,23,28.1589,14.2334,21,28,27.4097,13.9718,31,28,30.9231,15.5349,32,31,43.0242,7.2747,43,24,27.0276,8.11475,26,29,28.3465,0.004,11.1128,0.815354,34.7659,2.5,21.0311,0.333333,4,35.6104
56.6442,20.7735,41,24,20.4693,9.47912,20,24,43.1756,15.6208,35,26,49.3783,26.3163,35,27,32.3446,22.9104,53,31,34.0269,3.09498,22,23,49.6891,0.004,16.3658,1.40523,35.3601,3.5,37.1515,0.166667,5,67.8121
52.7754,14.7364,35,22,38.9297,14.7276,33,25,55.628,23.787,44,27,50.6255,4.82913,26,23,15.418,14.683,42,25,46.2904,6.9698,27,27,28.389,0.002,13.2888,0.86046,32.9928,3.5,21.3483,0.333333,4,32.1773
37.9065,16.0979,34,24,29.7502,10.9337,20,25,53.5063,10.6867,32,23,47.7837,13.1341,23,28,11.7781,17.2827,42,29,49.1849,21.9094,41,30,45.2359,0.008,15.0074,1.21627,37.1922,3.5,14.1097,0,6,60.1454
45.998,15.2044,34,23,59.9648,23.9344,34,31,53.5786,8.41251,30,23,24.0407,15.6443,22,29,13.6114,18.0421,45,26,58.565,7.07155,29,26,37.7284,0.002,14.7182,1.01288,37.2485,3.5,5.04434,0,6,47.5545
45.998,15.2044,34,23,59.9648,23.9344,34,31,53.5786,8.41251,30,23,24.0407,15.6443,32,29,13.6114,18.0421,45,26,58.565,7.07155,47,26,37.7284,0.002,14.7182,1.05538,35.7485,3.5,27.4636,0.166667,5,47.342
25.0647,10.2233,27,20,29.9624,22.3528,29,25,28.1794,17.3764,34,21,28.9744,14.4548,22,23,11.477,15.2371,40,25,21.122,17.5959,33,24,29.8405,0.002,16.2067,0.845122,35.3091,4.5,5.80919,0,6,30.5127
57.503,4.53736,22,21,18.119,15.8251,20,31,50.2628,9.05468,25,21,46.2461,9.67261,24,25,10.5727,13.2784,33,26,48.7301,14.69,30,31,27.1535,0.007,11.1764,0.7546,35.984,0.5,26.9997,0.166667,5,41.0433
57.503,4.53736,22,21,18.119,15.8251,20,31,50.2628,9.05468,25,23,46.2461,9.67261,20,25,10.5727,13.2784,33,26,48.7301,14.69,47,31,27.1535,0.007,11.1764,0.722983,37.5576,0.5,9.71989,0,6,41.1829
56.9093,15.2841,36,20,47.9524,22.8019,42,31,32.7056,13.3131,30,25,54.5017,8.98856,31,30,43.1308,9.44353,45,25,23.084,15.717,32,22,27.2682,0.004,14.258,0.734004,37.1499,2.5,4.83067,0,6,33.6373
45.751,8.90434,29,22,44.2547,26.4587,34,31,56.0153,15.7388,37,30,12.8183,9.22604,20,26,41.0633,4.05195,40,24,21.0363,13.0054,20,23,46.6257,0.007,12.8975,1.25115,37.2662,1.5,11.1652,0,6,70.5965
13.9979,14.0685,29,27,56.1671,-0.47139,20,23,42.6329,6.42167,26,25,43.0028,12.4875,32,28,57.0657,12.7776,52,28,11.1352,22.8384,47,30,42.8285,0.002,11.3537,1.19703,35.7789,1.5,42.8285,0.166667,5,63.6619
13.9979,14.0685,29,29,56.1671,-0.47139,20,23,42.6329,6.42167,26,25,43.0028,12.4875,32,28,57.0657,12.7776,52,28,11.1352,22.8384,36,30,42.0286,0.002,11.3537,1.11861,37.572,1.5,7.96314,0,6,62.7371
17.3091,4.02884,15,22,14.1629,17.6771,20,30,50.6297,1.44172,18,22,51.562,14.5163,20,25,12.6449,14.491,35,31,26.0635,13.8856,25,25,27.1884,0.005,11.0068,0.730708,37.2084,0.5,5.32215,0,6,41.467
25.8641,6.883,24,26,33.3621,8.02334,20,26,22.218,12.8296,29,25,19.8764,21.977,26,29,43.0094,17.0444,36,27,39.886,15.8273,34,30,38.6956,0.006,13.7641,1.07763,35.908,2.5,32.1858,0.166667,5,52.7963
31.1655,18.8689,30,29,46.1974,16.2149,20,28,59.451,16.4182,32,30,42.993,9.28658,24,23,37.8369,8.51128,37,26,50.9353,19.4008,34,27,33.8238,0.009,14.7834,0.938922,36.0241,0.5,25.5558,0.166667,5,52.5535
31.1655,18.8689,30,30,46.1974,16.2149,30,28,59.451,16.4182,32,24,42.993,9.28658,20,23,37.8369,8.51128,37,26,50.9353,19.4008,34,29,33.8238,0.009,14.7834,0.945483,35.7741,0.5,25.5558,0.166667,5,52.626
16.3484,12.7647,23,29,35.7961,14.5161,20,30,34.0015,15.5705,29,28,54.5054,19.4855,25,27,38.3673,15.4141,43,28,57.2323,11.7876,46,28,26.4011,0.009,14.9231,0.691339,38.1884,0.5,9.91033,0,6,39.735
44.8906,8.96979,29,22,39.3692,6.47566,20,24,44.2199,8.4315,28,26,37.25,11.9264,30,22,29.5287,20.6393,37,29,21.4185,15.1915,44,27,40.931,0.008,11.939,1.12876,36.2618,1.5,4.94955,0,6,61.3371
55.8329,17.074,33,25,29.052,12.2087,20,25,50.2533,16.986,32,31,11.661,9.80594,20,25,47.3137,6.05606,39,23,55.7548,9.3489,26,22,35.7299,0.009,11.9133,0.977145,36.5656,0.5,4.81347,0,6,56.2974
55.8329,17.074,33,30,29.052,12.2087,20,25,50.2533,16.986,32,30,11.661,9.80594,20,25,47.3137,6.05606,39,23,55.7548,9.3489,44,22,35.7299,0.009,11.9133,0.965923,36.9905,0.5,7.79702,0,6,56.0841
48.7583,18.2292,33,25,10.2774,16.8154,20,24,54.0079,12.7398,29,23,52.7839,14.1711,20,28,33.5249,5.63632,35,22,36.9096,20.1554,48,24,38.9619,0.006,14.6245,1.08809,35.8076,0.5,12.4114,0,6,61.8807
44.2698,17.5258,36,29,32.3101,12.9911,20,30,45.4119,15.1708,34,24,22.8961,12.4338,20,27,44.1799,7.3472,43,28,35.1754,11.3336,30,29,29.1854,0.008,12.8004,0.768604,37.972,2.5,3.5053,0,6,36.7441
59.1131,12.8364,34,25,47.1225,7.85354,20,25,26.0374,10.7267,27,22,19.8326,22.284,37,27,43.8986,15.3503,50,25,10.1517,23.3909,37,24,41.2817,0.003,15.407,1.20146,34.3595,4.5,35.3924,0.166667,5,49.7088
59.1131,12.8364,34,25,47.1225,7.85354,20,25,26.0374,10.7267,20,22,19.8326,22.284,27,27,43.8986,15.3503,50,25,10.1517,23.3909,37,26,41.2817,0.003,15.407,1.14651,36.0065,4.5,12.7413,0,6,49.8169
53.7784,14.4782,36,27,41.9185,14.1708,23,28,53.7453,5.81277,28,22,15.4537,20.8177,35,26,10.1576,17.2907,42,23,46.5825,20.6947,55,25,37.0595,0.004,15.5441,1.06786,34.7045,3.5,29.419,0.166667,5,46.4532
10.7974,8.17806,23,24,26.7255,7.75745,20,23,23.8162,22.8738,38,31,31.787,16.0049,33,25,11.4136,6.90476,33,26,55.4277,22.0573,42,30,42.3055,0.005,13.9627,1.13044,37.424,3.5,8.70252,0,6,55.2218
53.8917,18.0862,34,29,15.5177,13.0603,23,22,26.3652,5.5033,17,28,36.1862,13.3845,27,26,47.117,25.3716,56,27,47.1351,19.124,34,29,52.1527,0.007,15.755,1.4577,35.7774,0.5,14.3796,0.166667,5,84.562
53.8917,18.0862,34,27,15.5177,13.0603,23,22,26.3652,5.5033,17,24,36.1862,13.3845,20,26,47.117,25.3716,56,27,47.1351,19.124,51,29,52.1527,0.007,15.755,1.42476,36.6045,0.5,12.277,0,6,84.2954
42.9251,21.2937,40,26,33.1994,23.2769,39,26,46.1613,16.9782,36,31,48.2266,10.7609,21,30,18.3356,15.2023,42,29,10.8148,6.28445,21,21,44.1542,0.005,15.6327,1.16271,37.9754,4.5,5.52799,0,6,54.3041
17.0686,27.3172,41,29,13.7876,10.1105,26,20,50.2879,13.9411,34,30,40.8511,11.1027,30,23,11.7056,6.70439,33,28,50.2455,13.1511,50,23,52.7882,0.008,13.7212,1.42963,36.9243,2.5,7.36061,0,6,77.4046
17.0686,27.3172,41,29,13.7876,10.1105,26,22,50.2879,13.9411,34,29,40.8511,11.1027,20,23,11.7056,6.70439,22,28,50.2455,13.1511,33,23,49.0349,0.008,13.7212,1.38999,35.2772,2.5,49.0349,0.166667,5,70.339
58.8405,6.09928,28,21,38.7468,16.9023,25,27,40.4574,16.1423,35,25,59.5379,19.4631,30,24,20.4325,17.7806,47,22,15.6489,14.9225,42,25,34.852,0.007,15.2183,0.977091,35.6692,4.5,9.30877,0,6,38.927
44.0013,24.0429,42,25,25.6131,7.63973,20,27,46.6802,15.1634,35,25,48.6495,8.95718,20,24,48.2263,17.6442,54,26,13.9038,14.7673,30,28,45.5982,0.006,14.7024,1.25222,36.4139,3.5,7.65679,0,6,61.2423
33.0185,18.0794,35,27,45.9804,14.3536,23,27,44.6654,6.56763,26,23,36.9718,4.95562,24,26,38.5571,5.95008,40,25,40.0683,9.83879,29,30,36.9607,0.004,9.95753,1.04361,35.4162,4.5,16.3857,0.166667,5,42.445
33.0185,18.0794,35,27,45.9804,14.3536,23,27,44.6654,6.56763,26,23,36.9718,4.95562,20,26,38.5571,5.95008,40,25,40.0683,9.83879,29,30,36.9607,0.004,9.95753,1.0012,36.9162,4.5,5.89886,0,6,42.3004
33.5453,9.9021,28,27,37.4565,8.40059,20,23,23.1283,15.5992,32,28,29.7979,11.5404,20,26,52.0035,21.7668,58,29,31.631,7.35049,25,25,33.2632,0.005,12.4266,0.902901,36.8403,1.5,5.01507,0,6,47.9953
55.0371,16.551,37,25,38.9836,9.01505,20,23,24.6947,14.9978,31,29,25.0137,6.83311,20,22,21.5777,22.744,51,31,10.9714,9.56301,35,28,42.9435,0.003,13.284,1.1495,37.3585,1.5,10.041,0,6,64.3063
10.5005,15.5065,29,20,23.0769,18.1156,24,23,18.3833,13.5431,29,27,12.7535,20.0686,24,25,17.0912,19.3988,46,31,36.3582,9.92867,28,30,29.399,0.003,16.0936,0.786578,37.3759,4.5,8.43636,0,6,29.133
10.5005,15.5065,29,22,23.0769,18.1156,24,23,18.3833,13.5431,29,25,12.7535,20.0686,34,25,17.0912,19.3988,46,31,36.3582,9.92867,43,29,37.1278,0.003,16.0936,1.04457,35.5437,4.5,18.2704,0.166667,5,42.6416
54.6059,14.5696,36,23,50.682,8.75551,29,22,32.761,23.5615,40,31,59.2988,5.84678,20,26,29.9566,12.3545,44,22,58.7463,2.54329,25,23,43.8412,0.002,11.2719,1.20532,36.3731,3.5,6.5819,0,6,58.287
50.8262,17.055,32,29,55.7881,18.1601,24,27,39.1068,4.48031,19,26,11.5398,9.35352,20,25,31.8408,5.23012,32,22,30.0339,16.5646,28,27,29.7524,0.008,11.8073,0.845971,35.1695,0.5,27.8605,0.166667,5,45.707
23.109,19.764,30,26,45.736,21.6862,25,28,46.736,22.4304,37,28,12.1741,10.9521,20,22,43.4031,9.32866,40,22,59.268,14.3411,48,25,35.7567,0.007,16.4171,0.985216,36.2932,0.5,8.74332,0,6,56.316
23.109,19.764,30,26,45.736,21.6862,25,28,46.736,22.4304,37,28,12.1741,10.9521,20,20,43.4031,9.32866,40,22,59.268,14.3411,30,23,35.7567,0.007,16.4171,0.989995,36.118,0.5,8.74332,0,6,56.3682
45.9585,13.0714,32,26,14.3232,20.2559,25,29,11.036,11.9552,26,31,10.3728,14.4509,29,29,46.7215,10.7404,48,26,24.1229,13.2645,42,26,27.1185,0.008,13.9564,0.742121,36.5419,3.5,23.2498,0.166667,5,28.9539
20.8591,15.8269,32,25,25.335,18.5563,24,22,36.06,11.1931,30,23,48.4472,10.613,21,24,26.3959,26.6373,54,30,30.0114,19.3037,36,30,50.5436,0.007,17.0217,1.3688,36.9254,2.5,14.0135,0,6,73.3563
13.0322,22.3977,31,26,44.3686,13.8367,28,29,36.2714,18.807,31,21,39.7637,26.2115,28,28,32.2658,10.6345,37,25,22.4015,13.0201,24,23,34.4134,0.009,17.4846,0.984223,34.965,0.5,24.2277,0.166667,5,53.9249
13.0322,22.3977,42,28,44.3686,13.8367,20,29,36.2714,18.807,31,23,39.7637,26.2115,28,28,32.2658,10.6345,37,25,22.4015,13.0201,37,23,35.2074,0.009,17.4846,0.957463,36.7715,0.5,8.9232,0,6,55.2164
33.1086,21.4249,38,24,46.0508,16.746,26,22,39.9341,15.6663,34,28,45.3535,26.876,45,28,20.2565,14.2807,43,28,50.5722,7.2469,28,23,51.5617,0.002,17.0401,1.4731,35.0021,1.5,16.9721,0.166667,5,79.8081
33.1418,14.7157,32,26,12.2898,15.6745,20,30,53.7616,10.8163,32,26,49.4793,9.13755,20,27,54.5552,9.78592,49,24,43.7497,5.21806,41,23,32.3336,0.004,10.8913,0.87987,36.7481,3.5,9.16484,0,6,38.3045
50.8206,13.7643,34,24,47.17,16.7062,37,22,45.4069,16.334,35,27,18.5894,13.3414,20,23,59.7385,25.1649,63,30,39.7328,13.0249,31,23,62.615,0.008,16.3893,1.72446,36.3099,2.5,8.90964,0,6,94.506
50.8206,13.7643,34,24,47.17,16.7062,27,22,45.4069,16.334,35,27,18.5894,13.3414,29,21,59.7385,25.1649,63,30,39.7328,13.0249,31,21,62.615,0.008,16.3893,1.73148,36.1627,2.5,17.4629,0,6,94.3174
23.8638,11.9521,28,27,19.6122,14.1711,20,31,32.6225,18.126,35,26,38.655,0.957506,20,22,50.5831,18.3334,55,28,58.8892,12.3596,34,30,34.8801,0.003,12.65,0.956991,36.4477,3.5,25.7439,0.166667,5,42.2729
34.6039,19.7744,32,28,22.4346,9.17756,21,27,26.2232,11.8511,23,26,23.6855,21.0014,21,28,42.128,7.43849,38,24,41.936,4.92167,36,22,35.709,0.006,12.3608,0.976432,36.5709,0.5,9.32252,0,6,56.1396
11.4929,16.7141,31,26,51.0561,9.00516,30,25,29.0835,6.33755,24,26,15.1353,15.4467,30,25,23.0608,15.321,44,25,55.8768,16.1345,37,25,30.928,0.006,13.1598,0.894878,34.5611,3.5,12.9528,0.166667,5,36.3675
11.4929,16.7141,31,26,51.0561,9.00516,20,25,29.0835,6.33755,24,24,15.1353,15.4467,30,27,23.0608,15.321,44,25,55.8768,16.1345,55,25,30.928,0.006,13.1598,0.856751,36.0992,3.5,4.663,0,6,36.1882
34.9203,15.4922,28,25,11.3136,7.42786,20,24,11.6061,18.2835,27,29,55.6907,14.8258,31,25,11.8678,19.9745,28,28,38.3452,9.25602,38,27,33.5857,0.006,14.21,0.951164,35.3101,0.5,32.7208,0.166667,5,52.1514
19.4622,9.22413,25,23,11.7527,18.0426,22,30,26.4123,21.2549,37,24,54.1245,6.23514,28,24,19.2887,5.04366,20,22,21.8169,6.35989,23,28,40.8941,0.002,11.0267,1.12065,36.4914,2.5,8.21107,0,6,57.1307
30.2198,16.6142,28,24,38.6266,21.6668,34,28,41.3115,18.0028,32,23,45.5598,8.8538,20,28,36.9117,22.5952,35,29,43.4301,8.30057,23,26,40.3437,0.002,16.0056,1.09317,36.9051,0.5,7.35125,0,6,64.0779
32.8655,4.19321,22,21,42.8438,19.6801,28,29,25.1811,15.7231,32,28,14.0719,22.0851,26,30,21.274,6.59005,36,24,54.3043,17.1876,56,29,29.9568,0.006,14.2432,0.796793,37.5967,3.5,9.24346,0,6,33.9945
32.8655,4.19321,22,21,42.8438,19.6801,28,29,25.1811,15.7231,32,24,14.0719,22.0851,48,30,21.274,6.59005,36,24,54.3043,17.1876,56,29,41.2841,0.006,14.2432,1.10928,37.2169,3.5,15.4137,0,6,53.3307
33.7255,11.1131,30,24,18.5274,25.8303,30,31,58.7494,14.2145,35,28,35.2214,19.3861,27,30,16.5567,18.6855,45,29,54.5149,10.4219,32,23,39.816,0.003,16.6086,1.08683,36.6349,4.5,32.0023,0.166667,5,46.5128
28.452,11.7714,29,24,28.2716,15.6591,33,21,42.5585,5.31297,25,23,52.7178,19.8833,29,31,49.6882,9.6044,47,25,48.0332,22.2642,59,30,29.9711,0.003,14.0826,0.806722,37.1518,1.5,8.03602,0,6,42.1823
38.5548,14.9831,33,29,44.0053,7.21118,20,24,37.8092,12.2898,31,24,27.5681,21.5285,28,29,33.1117,11.1832,43,31,50.9279,10.7684,48,27,38.2279,0.007,12.994,1.00995,37.8511,2.5,10.3296,0,6,52.0486
38.5548,14.9831,33,29,44.0053,7.21118,20,24,37.8092,12.2898,31,22,27.5681,21.5285,28,29,33.1117,11.1832,43,31,50.9279,10.7684,31,27,38.2279,0.007,12.994,1.01243,37.7584,2.5,5.27023,0,6,52.2276
32.6247,5.75172,19,23,51.7246,24.9247,29,30,53.8068,15.5667,32,26,34.5,17.6367,30,23,50.076,16.4983,48,30,59.8294,9.56405,44,25,29.6233,0.004,14.9903,0.831802,35.6134,0.5,19.3053,0.166667,5,45.6411
13.6975,5.35356,21,22,21.2044,17.9418,24,31,20.864,9.44356,26,24,58.8019,7.76671,20,23,20.6024,11.5194,41,26,13.4275,16.4828,43,28,33.5357,0.009,11.418,0.908895,36.8972,2.5,12.3876,0,6,44.2063
13.6975,5.35356,21,22,21.2044,17.9418,34,31,20.864,9.44356,26,26,58.8019,7.76671,20,23,20.6024,11.5194,41,26,13.4275,16.4828,31,28,32.3941,0.009,11.418,0.874474,37.0441,2.5,6.10506,0,6,42.3953
12.7586,11.0174,25,23,39.4536,26.8738,44,29,51.116,16.1772,36,30,27.2876,17.4367,24,28,10.9314,19.3783,44,25,28.1639,12.5117,30,25,32.2465,0.005,17.2325,0.865509,37.2573,3.5,3.26724,0,6,38.1902
18.9843,14.9345,25,30,35.6585,18.9985,32,29,38.3153,20.6418,33,26,13.169,15.1936,24,30,17.6619,7.97836,31,24,38.9896,9.01574,23,28,28.2241,0.006,14.4604,0.741284,38.0746,0.5,3.21575,0,6,43.094
41.4872,16.2292,35,28,55.3033,17.5775,38,29,20.7066,8.23186,25,27,16.1274,7.01629,20,23,36.3063,12.3562,46,28,46.6595,7.84134,44,22,35.3767,0.006,11.5421,0.958316,36.9154,2.5,7.22542,0,6,47.5316
36.9356,24.5139,52,29,11.0275,16.8923,20,28,57.4874,12.0224,28,24,38.2832,13.1051,26,22,42.4093,12.3173,43,27,26.4562,16.8592,41,24,47.3053,0.005,15.9517,1.34821,35.0873,0.5,37.3985,0.166667,5,75.7897
36.9356,24.5139,37,27,11.0275,16.8923,20,28,57.4874,12.0224,28,24,38.2832,13.1051,20,22,42.4093,12.3173,43,27,26.4562,16.8592,28,22,42.957,0.005,15.9517,1.18661,36.2015,0.5,12.2259,0,6,68.6405
11.2339,12.8836,22,28,48.153,20.9302,35,29,37.324,3.91883,18,24,20.8947,20.1469,31,27,59.6844,18.8269,52,28,39.6061,5.10072,19,28,36.4056,0.004,13.6345,1.05708,34.4396,0.5,28.0907,0.333333,4,57.4471
15.9866,11.1334,27,23,23.6732,17.5679,33,26,47.4606,8.16935,29,26,43.9733,8.32894,28,25,52.4066,10.9412,48,23,12.3236,16.9797,42,25,29.5459,0.008,12.1867,0.860701,34.3277,4.5,20.9538,0.166667,5,29.7896
56.1064,16.7696,56,27,28.119,11.2729,29,23,43.4776,8.94533,29,23,31.0742,13.5551,21,23,28.2287,20.8752,51,22,37.2827,10.0661,29,27,40.9585,0.006,13.5807,1.14539,35.7594,4.5,9.83554,0,6,49.415
56.1064,16.7696,38,25,28.119,11.2729,29,23,43.4776,8.94533,29,23,31.0742,13.5551,31,23,28.2287,20.8752,51,22,37.2827,10.0661,29,21,40.9585,0.006,13.5807,1.21542,33.6992,4.5,33.0583,0.166667,5,49.4434
22.9936,20.0271,36,29,57.8192,9.89432,21,29,36.2241,10.5246,29,28,54.9169,18.9218,30,26,22.3028,9.43218,39,26,55.2894,17.8074,57,30,41.58,0.003,14.4346,1.09376,38.0158,2.5,15.0391,0,6,57.6126
44.9786,9.64638,29,27,14.7476,0.699732,20,22,27.5885,20.1621,37,31,23.9688,17.6322,23,30,17.2982,10.7777,38,28,59.6624,25.3778,45,31,37.8618,0.009,14.0493,1.01483,37.3085,1.5,37.2632,0.166667,5,54.7638
27.2777,18.3123,30,22,36.8284,10.8838,24,22,30.3034,22.8876,34,30,17.6471,14.4902,25,27,13.7447,14.0335,36,26,28.4621,24.9624,50,30,43.2961,0.005,17.595,1.21222,35.7163,0.5,24.6513,0.166667,5,69.0201
36.123,18.7088,36,30,18.2741,15.2005,20,31,15.9842,19.6819,34,24,18.3295,-0.757177,20,22,34.3647,9.96552,43,31,19.5364,11.4704,27,28,37.1628,0.006,12.3783,1.00281,37.0585,1.5,17.3342,0.166667,5,54.252
36.123,18.7088,36,28,18.2741,15.2005,20,31,15.9842,19.6819,34,24,18.3295,-0.757177,20,22,34.3647,9.96552,43,31,19.5364,11.4704,27,28,37.1628,0.006,12.3783,0.973117,38.1894,1.5,6.24033,0,6,54.2568
20.1631,16.5344,32,29,21.0842,4.67745,22,24,27.748,19.9459,36,31,52.4343,9.83399,20,25,28.2245,7.85369,40,31,44.9874,16.6777,52,27,39.8505,0.006,12.5872,1.03829,38.3808,1.5,9.31783,0,6,58.7021
45.7646,9.26783,29,25,30.7577,18.7647,25,24,23.3416,21.4797,37,30,15.068,6.36513,20,24,59.4326,18.5312,57,30,35.3786,13.1836,31,23,43.9686,0.008,14.5987,1.23792,35.5181,1.5,30.0766,0.166667,5,66.0726
19.6922,21.2796,36,27,56.1722,10.8205,22,23,51.4048,25.8877,45,29,25.7214,4.31114,21,25,46.7319,9.62021,47,24,51.8486,13.3332,33,28,40.3758,0.008,14.2087,1.14725,35.1934,4.5,29.5267,0.166667,5,48.0005
19.6922,21.2796,36,29,56.1722,10.8205,22,23,51.4048,25.8877,45,29,25.7214,4.31114,20,25,46.7319,9.62021,47,24,51.8486,13.3332,33,24,40.3758,0.008,14.2087,1.15009,35.1068,4.5,35.7273,0.166667,5,47.844
25.298,15.0168,31,25,57.266,16.0586,27,24,28.0697,10.5852,28,21,19.1337,18.6991,33,31,40.209,15.8348,51,29,58.0144,21.9023,42,28,35.2569,0.003,16.3495,0.982702,35.8775,3.5,12.2181,0.166667,5,43.4952
49.8362,12.372,33,20,52.4006,20.5174,30,28,23.0607,13.5153,30,29,35.5197,5.17709,20,25,16.8865,9.23991,37,27,37.0953,19.2088,37,28,35.1335,0.006,13.3384,0.95023,36.9737,4.5,13.2599,0,6,38.9164
21.3976,5.0453,22,23,51.144,8.77869,20,27,48.2479,15.5259,35,30,52.9944,14.7762,25,22,31.9973,18.2894,49,31,52.7928,16.2313,36,27,37.6741,0.008,13.1078,1.00146,37.6193,4.5,4.81729,0,6,43.3287
21.3976,5.0453,22,23,51.144,8.77869,20,27,48.2479,15.5259,35,31,52.9944,14.7762,35,22,31.9973,18.2894,49,31,52.7928,16.2313,36,25,37.6741,0.008,13.1078,0.99949,37.6933,4.5,5.82892,0,6,43.2767
56.4655,10.5626,50,28,10.5696,-0.404958,20,22,51.3907,13.5793,34,27,21.1909,9.84576,20,27,49.6166,15.3565,52,29,52.4709,18.5656,38,30,38.9385,0.007,11.2508,1.03598,37.5861,1.5,5.94666,0,6,57.4754
24.8535,14.584,26,25,40.419,15.024,20,29,19.7448,9.4621,20,22,17.8953,5.24509,20,24,58.7839,15.6172,50,24,13.0519,13.4984,34,30,24.8844,0.003,12.2385,0.676733,36.7714,0.5,7.8908,0,6,37.5471
15.3098,10.4251,26,27,48.4975,13.0081,23,26,47.6854,14.6198,35,26,16.6155,9.14252,25,27,27.7429,20.5609,51,27,13.5048,15.4281,30,27,40.7594,0.009,13.8641,1.10756,36.801,1.5,4.29318,0,6,60.8817
10.9763,15.9504,30,29,26.1661,13.8014,20,29,57.625,4.47307,27,22,24.4446,8.98547,20,24,16.7678,18.643,45,29,32.0925,13.0452,30,31,38.876,0.009,12.4831,1.02167,38.0516,3.5,6.62216,0,6,49.1995
10.9763,15.9504,41,31,26.1661,13.8014,30,29,57.625,4.47307,27,22,24.4446,8.98547,26,24,16.7678,18.643,23,29,32.0925,13.0452,30,31,33.5567,0.009,12.4831,0.944829,35.5162,3.5,31.1208,0.333333,4,40.0738
50.7918,15.5401,30,27,11.2242,17.7291,20,26,19.7136,19.9797,29,27,28.5217,12.0949,20,25,17.2939,12.5653,20,30,44.4477,13.5305,44,29,31.3733,0.004,15.2399,0.836374,37.511,0.5,7.17362,0,6,48.5148
29.486,16.2222,33,28,47.524,12.1028,32,23,26.6128,11.4263,41,29,34.3434,12.5942,21,24,56.3653,9.40167,49,28,49.2338,8.34645,29,23,30.0829,0.002,11.6823,0.819552,36.7065,3.5,11.4785,0,6,34.3898
22.0789,4.80958,22,25,21.2078,10.5474,20,29,55.2788,5.62797,28,27,54.9252,5.54407,27,22,20.1383,21.5032,50,31,15.3238,11.5338,39,24,40.4339,0.009,9.92767,1.08459,37.2803,2.5,7.82846,0,6,56.0654
22.0789,4.80958,22,27,21.2078,10.5474,20,29,55.2788,5.62797,28,27,54.9252,5.54407,27,22,20.1383,21.5032,50,31,15.3238,11.5338,27,24,40.4339,0.009,9.92767,1.07924,37.4653,2.5,7.82846,0,6,56.0077
59.9229,5.10605,27,21,49.0376,7.45273,20,24,53.5783,14.6914,36,26,10.8244,9.22333,20,28,48.973,21.9026,58,25,18.5856,30.174,44,31,52.5899,0.005,14.7583,1.42207,36.9813,1.5,6.31628,0,6,81.0883
38.8356,8.98379,28,25,30.9557,26.6299,32,31,30.2897,13.7056,31,24,13.7502,4.32419,20,25,57.7687,14.4012,53,22,57.6034,10.8478,32,26,44.8634,0.007,13.1487,1.27456,35.1992,2.5,22.6432,0.166667,5,63.9614
18.377,5.4607,21,21,55.0799,19.9968,30,31,10.8892,15.728,30,27,34.1197,6.60328,25,20,16.9887,6.46751,34,25,43.815,16.5828,51,30,31.2954,0.009,11.8065,0.838968,37.3022,1.5,7.73413,0,6,44.3936
23.3705,23.8295,39,25,14.701,18.198,23,27,47.0681,17.2581,37,27,42.9344,9.06143,20,23,49.4827,23.6041,60,28,17.6954,13.6337,29,25,46.3618,0.003,17.5975,1.2714,36.4653,4.5,14.7687,0,6,58.3387
23.3705,23.8295,39,25,14.701,18.198,33,27,47.0681,17.2581,37,29,42.9344,9.06143,20,23,49.4827,23.6041,60,28,17.6954,13.6337,41,27,46.3618,0.003,17.5975,1.25494,36.9434,4.5,14.7687,0,6,58.1688
36.5463,19.6929,37,30,59.4149,6.39864,28,24,25.1628,11.0161,27,26,42.9554,17.3495,36,26,51.3189,19.3367,56,25,12.8629,14.0135,28,24,39.1788,0.003,14.6346,1.07002,36.6148,4.5,4.23328,0,6,46.2571
14.8845,19.2713,34,25,29.6298,18.0819,25,29,34.4437,18.7601,36,30,29.2368,10.1312,20,27,49.3157,11.1391,49,25,34.6327,6.08575,25,26,38.3319,0.004,13.9116,1.06994,35.8261,2.5,29.6959,0.166667,5,52.2804
19.3812,11.7639,27,24,21.3558,13.3853,20,23,25.6688,21.8978,37,31,32.4105,21.7759,38,29,23.9411,9.08111,39,30,18.2872,8.85697,24,23,40.4285,0.002,14.4602,1.07227,37.7035,4.5,4.95645,0,6,48.0459
19.3812,11.7639,27,22,21.3558,13.3853,30,21,25.6688,21.8978,37,31,32.4105,21.7759,28,29,23.9411,9.08111,39,30,18.2872,8.85697,24,23,40.4285,0.002,14.4602,1.07703,37.5372,4.5,4.95645,0,6,48.0972
41.0311,8.31058,28,26,42.2103,17.9887,27,31,51.982,4.04071,25,26,45.3476,15.546,34,24,38.2656,13.6443,47,22,31.4858,10.3792,28,24,28.8977,0.005,11.6516,0.820585,35.216,4.5,10.7324,0.166667,5,28.747
36.2135,9.05408,23,24,37.2277,8.14693,20,24,13.492,15.7069,26,30,30.9844,19.7828,21,28,48.4881,1.08538,34,22,21.6865,17.6745,28,24,32.825,0.002,11.9084,0.898256,36.543,0.5,9.9542,0,6,51.1915
49.5804,5.21743,26,24,15.4283,10.9472,26,26,14.7206,22.5226,37,31,22.6664,10.6965,27,23,51.3751,6.37758,27,26,15.4015,3.96941,20,22,44.4619,0.002,9.95512,1.2644,35.1643,2.5,42.2963,0.166667,5,62.7161
49.5804,5.21743,26,24,15.4283,10.9472,20,26,14.7206,22.5226,37,31,22.6664,10.6965,20,23,51.3751,6.37758,44,26,15.4015,3.96941,20,20,44.4619,0.002,9.95512,1.26651,35.1059,2.5,29.3725,0.166667,5,63.1253
31.3425,19.0464,36,31,57.7857,10.2997,32,20,15.7343,23.6325,38,31,43.594,6.2994,26,22,50.3869,15.0539,25,28,57.4155,15.4159,36,28,44.2328,0.008,14.958,1.21059,36.5383,3.5,34.539,0.166667,5,58.0347
20.2552,11.0547,27,28,37.1134,13.1713,21,28,18.0137,22.9575,37,31,55.8829,9.18448,21,29,41.1448,7.45091,43,23,10.3603,6.36639,32,22,40.0872,0.005,11.6975,1.06408,37.6732,2.5,12.4278,0,6,55.2317
38.3751,7.64528,21,26,59.5657,5.41641,20,24,39.0252,19.9434,32,30,44.2545,14.2589,20,29,39.7142,20.4559,48,30,31.5193,3.87983,17,22,34.9399,0.003,11.9333,0.9292,37.6021,0.5,4.01215,0,6,54.6999
38.3751,7.64528,21,28,59.5657,5.41641,20,24,39.0252,19.9434,32,27,44.2545,14.2589,28,29,39.7142,20.4559,48,30,31.5193,3.87983,31,22,34.9399,0.003,11.9333,0.935819,37.3362,0.5,4.8547,0,6,54.7488
44.2272,9.95395,29,26,29.8754,3.82589,20,23,27.8946,16.2404,33,30,50.6044,4.57644,20,26,50.4157,16.3417,53,26,38.3166,23.2894,40,26,44.9083,0.002,12.3713,1.2206,36.792,2.5,5.3455,0,6,64.0136
22.9662,13.6705,30,20,34.675,19.0965,27,31,17.1453,11.8903,27,26,12.5102,11.8388,20,23,47.3173,5.84721,44,23,46.5573,16.5261,35,30,27.4859,0.006,13.1449,0.739741,37.1561,2.5,8.48103,0,6,33.8898
38.0286,10.1007,29,22,48.0197,12.7664,33,23,11.1238,9.1354,24,23,25.5514,20.4333,36,20,24.3497,21.1516,50,24,45.5939,13.2522,32,24,38.1672,0.007,14.4733,1.13391,33.6599,4.5,29.8077,0.166667,5,44.7
38.0286,10.1007,29,28,48.0197,12.7664,23,23,11.1238,9.1354,24,23,25.5514,20.4333,26,22,24.3497,21.1516,50,24,45.5939,13.2522,32,24,38.1672,0.007,14.4733,1.06938,35.6909,4.5,4.52469,0,6,44.7798
59.8058,22.2758,43,28,16.3877,19.3822,24,30,42.1366,14.6077,34,30,25.342,6.83073,24,27,25.6005,21.7646,50,28,58.2501,5.40488,45,24,42.3447,0.007,15.0443,1.15967,36.5143,3.5,34.3208,0.166667,5,54.8087
28.193,3.32347,21,20,59.086,18.3098,39,27,59.8007,17.3971,38,21,15.7259,17.5972,22,31,34.1355,5.82148,20,26,42.6455,14.7862,50,30,32.3456,0.008,12.8725,0.865224,37.3841,1.5,8.7063,0,6,46.1483
48.1795,13.226,33,27,48.3263,22.3357,32,24,25.364,11.987,28,26,16.9647,7.34628,23,22,44.5654,17.5181,52,23,25.952,16.4986,32,22,31.05,0.004,14.8186,0.908771,34.167,2.5,21.7108,0.166667,5,40.4404
48.1795,13.226,33,21,48.3263,22.3357,32,24,25.364,11.987,28,30,16.9647,7.34628,23,20,44.5654,17.5181,52,23,25.952,16.4986,32,24,31.05,0.004,14.8186,0.864232,35.9278,2.5,3.9877,0,6,40.4749
54.3218,24.2828,44,27,41.2414,22.1355,30,29,20.5942,9.83534,26,23,21.8011,11.5212,20,23,34.3035,12.4092,46,24,44.8284,15.3845,24,27,49.01,0.008,15.9281,1.3447,36.4469,4.5,12.6055,0,6,62.9387
53.2396,14.8761,35,20,29.6213,16.1801,23,31,55.6974,6.18411,28,26,58.2049,6.99279,20,26,39.6787,9.74162,43,31,59.9596,7.61979,47,23,34.012,0.008,10.2658,0.904247,37.6136,3.5,8.49619,0,6,40.9479
39.781,15.4154,28,26,14.7478,16.2868,20,29,29.4247,22.839,34,30,34.2934,6.87876,20,28,22.603,11.5565,20,27,48.2571,4.59119,38,23,44.2264,0.004,12.9279,1.17861,37.5241,0.5,11.46,0,6,70.4028
26.3277,17.2716,33,25,15.5377,14.0113,29,27,39.4953,8.40213,27,23,51.0575,6.87486,20,22,48.6957,14.8365,25,27,11.6135,6.41499,21,23,32.9499,0.008,11.3019,0.918435,35.8761,2.5,18.3055,0,6,43.3131
26.3277,17.2716,33,30,15.5377,14.0113,20,29,39.4953,8.40213,27,21,51.0575,6.87486,28,22,48.6957,14.8365,52,27,11.6135,6.41499,32,25,32.9499,0.008,11.3019,0.893045,36.8961,2.5,5.36016,0,6,43.4167
45.189,17.9358,37,28,38.43,12.1763,30,23,23.6128,8.18444,25,29,11.4607,17.0679,31,23,14.7892,7.37741,35,26,29.442,11.2011,29,26,32.7991,0.005,12.3238,0.975567,33.6206,1.5,20.2671,0.333333,4,47.6805
17.8842,6.94594,23,20,16.5047,8.56165,20,27,54.7349,8.15514,30,25,36.8316,15.7236,34,26,45.3867,12.6688,48,22,56.7074,27.6977,65,31,61.3894,0.009,13.2922,1.67123,36.7329,1.5,16.8504,0,6,95.9648
35.6131,9.34906,28,30,40.1332,7.4017,27,25,51.3564,15.7359,36,23,49.7724,14.8216,35,30,22.2363,14.5074,44,31,11.6641,15.1018,29,26,29.4333,0.006,12.8196,0.802593,36.6728,2.5,10.4544,0.166667,5,37.2933
35.6131,9.34906,28,24,40.1332,7.4017,20,25,51.3564,15.7359,36,23,49.7724,14.8216,35,30,22.2363,14.5074,44,31,11.6641,15.1018,29,26,29.4333,0.006,12.8196,0.819322,35.924,2.5,12.6498,0.166667,5,37.4211
57.3478,13.5751,35,31,50.195,13.4921,24,31,59.6339,4.22728,26,22,56.6967,14.959,26,28,20.5737,7.0896,37,29,26.3408,19.8894,35,27,35.9652,0.004,12.2054,0.96934,37.1028,3.5,12.687,0.166667,5,44.3337
59.8933,12.7436,34,28,12.6677,10.3719,20,26,33.2742,17.0224,34,30,49.7238,7.26604,20,27,49.7417,12.799,33,22,40.0138,8.61315,28,27,30.2516,0.007,11.4693,0.847624,35.6899,4.5,21.3302,0.166667,5,30.6283
30.5755,7.57419,25,25,22.5476,19.131,35,26,56.7817,17.8178,39,31,37.9408,6.37187,20,22,30.7656,13.1361,30,27,48.3283,3.57216,25,23,33.2877,0.003,11.2672,0.903761,36.8325,1.5,8.0874,0,6,47.9575
28.912,14.7426,32,22,39.2045,25.2049,42,31,41.0742,9.35492,29,22,46.7477,9.86137,20,22,29.1569,11.891,20,26,48.5883,18.6434,55,24,50.2395,0.004,14.9497,1.38083,36.3837,2.5,12.4159,0,6,73.1027
28.912,14.7426,32,22,39.2045,25.2049,42,29,41.0742,9.35492,29,22,46.7477,9.86137,30,22,29.1569,11.891,29,26,48.5883,18.6434,38,22,50.2395,0.004,14.9497,1.4023,35.8264,2.5,9.12185,0,6,73.418
46.1534,15.545,29,31,24.9674,18.6091,20,30,50.5329,4.90787,21,29,19.0976,16.7654,20,31,39.7916,15.2291,43,27,55.3673,10.8696,45,30,33.6645,0.002,13.6544,0.845559,39.8134,0.5,12.113,0,6,51.7028
27.2859,16.376,33,25,45.1944,11.7306,21,23,35.0657,12.4056,31,24,28.8243,27.7457,43,28,48.0194,18.7142,55,22,34.5906,9.48951,43,24,50.5522,0.007,16.0769,1.41177,35.8076,4.5,16.4045,0,6,65.7308
23.129,9.09968,26,26,20.9889,19.3166,25,25,56.3155,9.43026,31,24,25.1093,9.81341,20,24,34.6058,16.3321,49,27,29.905,16.1567,33,21,33.8978,0.008,13.3581,0.945708,35.8438,3.5,9.53659,0,6,41.2187
23.129,9.09968,26,20,20.9889,19.3166,35,25,56.3155,9.43026,31,22,25.1093,9.81341,26,24,34.6058,16.3321,49,27,29.905,16.1567,33,23,38.6932,0.008,13.3581,1.13715,34.0266,3.5,18.6674,0.166667,5,49.8148
36.1625,11.3559,30,26,13.5484,1.9988,18,22,50.2083,19.8966,39,30,38.7641,18.9722,27,24,56.2044,21.4836,60,28,46.2664,6.61123,26,24,52.3188,0.004,13.3864,1.42597,36.6899,1.5,8.34999,0,6,80.6803
28.3749,6.93245,25,21,23.596,25.5846,41,30,56.0002,18.7425,39,26,51.4931,19.5026,39,24,27.0598,17.3819,48,27,12.9823,12.2896,38,22,49.8191,0.007,16.7389,1.42606,34.9349,4.5,33.7199,0.166667,5,64.2957
23.6511,8.19563,25,27,11.2745,15.3056,29,25,39.6872,10.4553,29,25,19.3252,13.5657,20,29,21.7271,15.5279,44,30,57.7272,17.4119,38,27,29.6856,0.006,13.4103,0.793115,37.4292,4.5,3.21942,0,6,29.7524
23.6511,8.19563,25,21,11.2745,15.3056,20,25,39.6872,10.4553,29,25,19.3252,13.5657,29,29,21.7271,15.5279,44,30,57.7272,17.4119,56,27,32.5154,0.006,13.4103,0.877518,37.0539,4.5,4.26685,0,6,34.671
41.05,15.1248,34,23,16.1323,24.4733,39,26,26.7011,13.7724,31,24,58.9877,17.0623,28,24,28.291,13.08,44,28,20.4884,13.8398,43,23,46.7004,0.004,16.2254,1.29974,35.9305,4.5,17.3427,0,6,59.0339
39.1359,19.765,37,26,23.436,7.42043,24,23,23.8022,16.7557,33,27,42.92,19.0571,28,28,47.4655,9.20245,47,22,33.8631,15.6762,34,30,33.4469,0.003,14.6462,0.906707,36.8883,3.5,6.88023,0,6,40.2515
15.0113,18.476,33,28,45.7723,15.9443,35,29,32.7446,7.50442,25,27,45.7312,21.4004,40,24,30.3759,10.84,42,25,22.9576,7.42914,24,22,37.5495,0.006,13.599,1.06819,35.1524,1.5,10.3532,0.166667,5,55.7169
15.0113,18.476,33,28,45.7723,15.9443,25,31,32.7446,7.50442,25,23,45.7312,21.4004,40,24,30.3759,10.84,42,25,22.9576,7.42914,24,26,37.5495,0.006,13.599,1.01335,37.0549,1.5,7.30523,0,6,55.2174
48.3834,12.1258,32,26,15.1033,12.7773,20,26,24.2171,5.58677,23,22,57.0269,14.2084,25,31,36.6098,24.1034,56,30,33.2536,21.2647,38,26,49.5454,0.007,15.0111,1.31729,37.6117,1.5,7.55611,0,6,75.5857
47.2591,13.5698,29,28,20.7789,17.184,28,24,36.2321,9.73513,23,26,43.5194,22.3797,26,30,45.4739,9.91887,40,26,36.9272,13.8139,27,22,33.3156,0.004,14.4336,0.904409,36.8368,0.5,4.53999,0,6,52.1055
54.6601,12.4306,34,27,27.4428,12.3517,30,25,46.4236,16.0234,35,30,51.0628,6.62566,20,25,12.3367,22.9453,47,31,22.3955,11.4366,28,28,38.2818,0.003,13.6355,1.00679,38.0235,4.5,9.80982,0,6,44.1259
18.2977,17.5507,32,26,48.6152,16.9139,27,25,45.309,3.36357,24,24,47.443,12.9983,23,27,44.6099,12.6313,48,26,28.5885,21.3725,38,27,38.9958,0.006,14.1384,1.07232,36.366,4.5,9.84743,0,6,45.8375
18.2977,17.5507,44,28,48.6152,16.9139,27,25,45.309,3.36357,24,24,47.443,12.9983,33,27,44.6099,12.6313,48,26,28.5885,21.3725,38,30,38.9958,0.006,14.1384,1.05117,37.0977,4.5,8.13837,0,6,45.6611
29.2089,5.95918,24,23,49.5961,10.8316,21,30,27.464,12.2879,30,31,37.0519,20.8384,28,27,48.5024,14.5117,52,26,31.2855,16.0341,33,30,32.5758,0.004,13.4105,0.849264,38.3577,2.5,10.1608,0,6,42.2644
21.6285,13.4257,30,26,14.2855,15.0744,20,27,23.0341,16.7171,33,24,39.7861,10.9463,29,28,23.8976,6.19058,36,23,40.33,15.0039,50,26,29.6639,0.008,12.893,0.850478,34.8791,1.5,24.4538,0.166667,5,41.7357
47.1615,6.66951,28,23,33.1933,15.8331,33,23,52.2113,23.1619,42,29,56.7869,15.7602,27,26,12.1108,15.3804,20,29,14.4064,14.2435,41,25,30.5908,0.003,15.1748,0.83349,36.702,2.5,4.201,0,6,39.4769
52.1367,17.2064,37,20,23.9563,24.1924,29,26,47.5358,12.3334,33,25,52.6414,9.56544,20,24,12.8535,13.3155,27,25,58.3434,11.4996,33,23,41.3158,0.002,14.6855,1.16117,35.5813,4.5,9.99027,0,6,50.1068
52.1367,17.2064,37,20,23.9563,24.1924,29,26,47.5358,12.3334,33,25,52.6414,9.56544,20,24,12.8535,13.3155,38,25,58.3434,11.4996,51,23,41.3158,0.002,14.6855,1.16117,35.5813,4.5,13.5979,0,6,49.9985
40.5505,7.1486,22,23,43.9139,15.3132,20,31,19.6041,16.2649,26,24,41.9309,12.7579,27,23,53.3227,3.8768,20,24,41.5737,13.8566,28,30,24.8677,0.009,11.5363,0.727971,34.1604,0.5,24.8677,0.333333,4,37.6015
27.419,6.36188,24,20,28.9831,24.9917,31,31,45.6862,7.84478,28,24,29.3501,8.35524,20,22,47.1637,14.2697,34,22,32.1669,15.8724,47,26,43.7826,0.009,12.9493,1.2053,36.3252,3.5,14.0113,0,6,57.945
56.1849,16.1894,37,27,19.7343,15.2491,20,24,19.9506,14.2079,29,26,18.7093,18.3453,33,27,41.6033,16.0838,51,31,56.1253,13.8023,35,26,36.5242,0.004,15.6463,1.06458,34.3087,4.5,25.8079,0.333333,4,41.764
54.8137,9.53668,31,22,25.9977,19.3175,35,31,54.8806,12.5616,34,21,50.8462,12.316,23,26,24.4482,10.6425,40,26,47.4948,10.0106,48,22,37.7142,0.008,12.3975,1.03332,36.498,3.5,10.1513,0,6,47.5736
54.8137,9.53668,31,22,25.9977,19.3175,25,31,54.8806,12.5616,34,21,50.8462,12.316,33,26,24.4482,10.6425,40,26,47.4948,10.0106,31,20,34.4265,0.008,12.3975,0.944757,36.4395,3.5,4.72775,0,6,42.1008
58.5483,11.2716,33,24,52.1533,14.8408,35,24,32.0256,27.5121,43,29,10.8553,16.056,20,29,13.8791,8.26716,24,26,13.9317,10.3696,38,27,43.5753,0.005,14.7195,1.22781,35.4903,3.5,42.8864,0.166667,5,57.0346
57.5603,11.4464,33,23,22.5261,17.8026,24,30,39.7284,11.1328,30,26,50.5357,10.1437,31,22,23.1162,25.231,53,30,49.5818,4.79034,26,30,51.6376,0.004,13.4245,1.42425,36.2561,2.5,36.7509,0.166667,5,74.8274
22.4138,18.1897,34,22,52.9555,15.3075,35,24,21.2967,27.5724,42,31,51.9731,15.6962,26,23,40.8057,5.14759,41,24,19.3634,7.0845,35,22,50.3224,0.004,14.833,1.38714,36.2778,1.5,18.3927,0,6,77.1067
18.0275,18.7394,33,25,38.369,19.7694,27,31,38.7279,9.62701,28,24,41.1893,18.2284,27,22,24.5966,19.5978,48,22,22.5922,16.044,45,26,39.5621,0.007,17.001,1.08267,36.5414,3.5,5.04216,0,6,50.895
41.8768,18.7338,37,28,59.4878,16.7169,28,25,23.6733,16.0948,32,22,18.3745,7.35317,20,23,52.5155,10.305,31,24,16.4541,13.7802,29,30,27.7771,0.003,13.8306,0.759843,36.5564,4.5,11.1982,0,6,26.469
41.8768,18.7338,37,28,59.4878,16.7169,38,25,23.6733,16.0948,32,22,18.3745,7.35317,20,23,52.5155,10.305,48,24,16.4541,13.7802,29,28,31.5851,0.003,13.8306,0.910566,34.6873,4.5,29.721,0.166667,5,32.9806
54.0282,8.79397,30,25,52.4379,9.08719,20,25,39.2822,7.90382,27,23,19.4805,20.7062,25,31,49.1128,11.5974,49,31,10.3152,5.84951,20,26,31.9261,0.005,10.6563,0.845772,37.7479,3.5,9.76693,0,6,37.3175
59.7432,20.6876,41,24,31.2719,19.5159,26,26,43.1302,18.1638,37,31,13.0305,19.2436,33,26,45.2753,21.1251,56,26,33.4873,10.0436,29,26,37.9541,0.003,18.1299,1.06605,35.6025,1.5,31.1893,0.166667,5,55.6606
24.1523,13.9417,30,27,37.0761,12.1278,30,22,47.7928,23.4306,43,29,29.0185,12.9777,20,30,35.4068,7.33163,41,27,21.1587,13.9793,30,23,46.9845,0.007,13.9648,1.31776,35.6547,3.5,38.8986,0.166667,5,62.9646
27.0154,7.93173,26,27,35.6011,6.70582,20,26,12.6072,17.7485,31,31,36.5765,5.74238,25,27,46.4835,17.8243,53,31,19.54,5.87562,22,30,31.7941,0.003,10.3047,0.849694,37.4183,2.5,19.1996,0.166667,5,40.9043
50.9581,9.05427,30,29,42.3229,21.0313,55,29,41.2488,15.8731,51,26,18.1573,20.9253,47,31,38.432,9.37568,43,25,14.1981,5.61825,34,22,40.6537,0.008,13.6463,1.1224,36.2204,4.5,30.9966,0.166667,5,48.0921
36.4603,12.1316,30,24,50.8867,13.1915,50,30,46.822,13.5715,51,29,31.6455,16.2321,47,28,40.0701,7.31679,43,24,39.1077,24.4381,56,31,53.3913,0.007,14.4803,1.39817,38.1866,3.5,19.014,0,6,73.6119
42.3247,15.6672,30,29,16.2551,14.1981,36,29,40.1839,20.9316,50,28,31.4977,21.6446,47,30,36.7392,14.1784,42,27,56.2606,11.1051,45,25,40.7085,0.002,16.2875,1.07023,38.037,0.5,15.364,0,6,64.1107
57.6622,15.714,37,23,50.7543,18.622,55,31,12.4584,9.7791,35,31,19.8298,14.8638,42,26,19.505,0.310755,29,22,42.8864,17.3504,52,30,27.339,0.003,12.7733,0.714296,38.274,2.5,6.92897,0,6,33.438
12.7276,13.7865,23,28,53.4386,11.664,46,22,51.1038,25.3998,56,27,47.5053,9.90601,42,23,36.7085,15.4239,43,23,41.6577,9.35578,40,24,56.1828,0.002,14.256,1.5632,35.9409,0.5,20.7531,0,6,91.2719
50.4233,9.85963,25,23,57.9952,8.66008,43,22,27.6646,15.8547,42,26,14.2295,12.0285,34,27,12.1715,6.44008,27,22,53.9089,18.4346,52,25,32.3237,0.005,11.8796,0.904615,35.732,0.5,6.22422,0,6,50.6522
33.9933,19.2948,37,29,59.0498,8.13434,48,23,37.2415,11.8347,45,24,51.118,16.597,53,31,27.9304,7.8164,40,30,40.7832,6.85655,43,23,33.747,0.009,11.7556,0.895064,37.7035,4.5,5.24424,0,6,36.5625
54.9635,21.6939,32,27,46.0741,10.1551,46,30,35.0562,8.58358,42,27,13.018,10.9699,36,28,12.8721,15.2535,40,30,55.1445,3.30792,43,22,29.6351,0.003,11.6606,0.784166,37.7918,2.5,9.57205,0,6,37.4004
34.0758,10.324,24,24,58.138,10.2928,45,27,22.0644,12.3588,37,22,59.0616,16.5333,50,25,20.4165,10.3569,35,22,26.0732,15.2102,39,22,29.9761,0.006,12.5127,0.84335,35.5441,0.5,8.03735,0,6,46.5963
23.1751,9.65015,26,22,50.2251,8.10985,46,24,32.7212,16.9597,48,30,11.8162,26.7964,51,31,44.2907,17.9563,53,30,36.2859,12.2257,46,22,46.9192,0.007,15.283,1.29158,36.3271,2.5,35.3546,0.166667,5,66.7096
40.8315,12.3242,32,24,51.7492,15.9176,53,25,47.0131,10.3008,48,23,24.6818,12.6189,42,23,10.0139,14.003,39,23,32.0448,14.0678,45,22,30.3282,0.007,13.2054,0.85856,35.3245,2.5,8.7391,0,6,39.2376
11.5268,8.2998,20,25,41.6626,8.04662,44,22,51.412,8.64537,46,29,53.8627,10.0518,50,23,39.2363,9.65208,43,26,36.234,22.3169,55,30,46.8738,0.008,11.1688,1.27144,36.8667,3.5,11.9235,0,6,63.1352
16.6475,11.9677,22,27,16.631,17.6121,39,29,21.7519,18.1784,42,28,25.4044,19.1042,43,25,12.3674,19.4765,39,23,10.177,19.6647,39,25,32.7902,0.009,17.6673,0.892045,36.7585,0.5,10.5421,0,6,51.0197
24.8591,12.1218,28,26,47.2696,20.4162,57,29,32.8977,15.728,47,25,59.2457,8.4233,48,23,21.3,23.3312,51,30,18.6584,3.02616,31,22,42.3398,0.007,13.8411,1.14846,36.8667,4.5,5.70394,0,6,51.542
44.7921,4.79803,25,25,15.8805,3.92205,32,23,11.4146,22.0991,46,31,15.471,20.5199,47,31,30.295,9.3188,41,26,25.5422,7.19711,37,25,39.9025,0.006,11.3092,1.05708,37.7479,4.5,11.5942,0,6,46.9128
19.4661,4.21921,20,22,11.0927,15.4321,40,30,16.8239,13.6337,41,27,14.5584,9.41424,37,25,25.707,12.8469,42,30,16.7903,14.9135,42,30,25.9159,0.006,11.7433,0.68243,37.9759,4.5,6.54442,0,6,23.0689
18.5469,8.8556,19,22,55.1499,14.6464,49,24,30.6982,20.0535,46,29,40.1494,7.26189,38,23,35.067,14.9805,43,27,29.8447,12.7726,39,26,37.8835,0.007,13.0951,1.04354,36.3028,0.5,11.6924,0,6,59.8836
12.7932,15.7621,30,26,12.123,17.252,42,30,18.7266,12.1101,39,24,54.3481,7.97605,48,27,31.446,9.40262,41,23,32.0365,14.5964,46,26,35.5136,0.004,12.8499,0.966407,36.7481,3.5,9.55901,0,6,43.7551
30.5457,13.8354,45,25,10.6314,1.07403,27,22,58.4328,8.63619,48,28,40.0171,23.0211,57,28,45.7671,5.36916,41,24,24.4497,13.3612,43,31,48.9727,0.009,10.8828,1.31482,37.2467,4.5,15.0481,0,6,62.5013
33.6843,5.65845,40,24,56.7241,24.2469,62,30,29.4391,5.17726,37,23,40.3711,20.6404,55,26,25.4663,7.00697,37,22,28.4193,16.7087,48,30,42.3244,0.009,13.2398,1.14368,37.0073,2.5,15.634,0,6,59.1614
34.018,14.6911,33,29,49.6415,9.89569,47,22,51.4517,5.90979,44,25,20.914,7.00107,37,23,24.8657,14.8559,44,30,51.8413,9.19848,47,27,28.8441,0.005,10.2587,0.780209,36.9698,2.5,9.02281,0,6,36.2546
43.716,10.3629,20,27,50.0391,20.7949,57,25,22.559,12.307,42,30,36.9472,11.6484,45,28,34.2889,15.527,48,27,24.4347,16.5076,45,24,33.2732,0.003,14.5246,0.894423,37.2007,2.5,9.79084,0,6,43.7804
50.871,21.9579,31,31,24.4798,18.8084,47,28,24.7794,10.7674,40,28,28.0749,14.2234,45,26,40.0784,22.4531,57,31,56.8196,10.3459,50,26,37.7799,0.005,16.426,0.979364,38.576,2.5,12.8608,0,6,51.0079
22.7306,22.5205,38,30,36.8122,9.51603,43,29,33.7645,12.9979,46,31,22.5514,14.2301,43,22,26.0684,9.80874,39,26,18.7521,9.71204,37,27,44.2389,0.004,13.1309,1.16079,38.111,2.5,8.33734,0,6,62.3256
57.6616,11.8356,33,22,10.4142,11.5439,37,25,14.21,22.5724,49,31,15.5641,7.43601,35,24,31.38,15.9465,47,24,35.9178,16.9705,50,23,41.1284,0.008,14.3841,1.1288,36.4355,2.5,7.24983,0,6,57.5507
12.6989,16.0351,41,29,25.6892,14.6984,44,24,12.3828,10.3518,36,22,51.7404,14.2594,51,26,51.1583,11.8128,49,22,23.7718,22.4589,51,27,41.0867,0.009,14.9361,1.13306,36.2618,3.5,10.0466,0,6,53.4472
25.3656,19.8435,35,24,58.515,14.6144,54,28,11.7847,17.2106,42,22,48.0081,22.7202,59,29,32.2203,6.11711,38,24,40.9203,19.945,54,30,32.734,0.007,16.7418,0.882648,37.0862,4.5,8.84512,0,6,34.8949
34.7341,11.1903,45,25,22.78,12.5553,42,25,54.4901,17.864,57,29,35.461,12.9839,46,23,13.2112,14.6612,40,26,32.7225,19.7586,50,28,41.4229,0.004,14.8355,1.13006,36.6554,1.5,13.6331,0,6,61.8135
47.6889,9.9525,30,31,10.2733,13.1351,38,30,53.6447,8.83469,48,30,54.9181,20.6499,59,31,32.392,18.3702,49,26,37.8189,9.3449,43,27,34.8379,0.008,13.3812,0.918791,37.9171,4.5,28.5969,0.166667,5,37.6759
33.284,22.6409,53,27,27.003,12.7223,44,27,51.103,10.3991,48,25,46.3004,14.1716,49,22,21.1232,6.15239,36,23,12.7222,15.6479,41,26,43.9137,0.002,13.6224,1.2173,36.0747,2.5,13.5536,0,6,62.3064
46.9124,9.11244,30,27,12.9085,8.66824,34,29,36.9773,16.0486,49,27,10.7511,19.5568,44,31,50.0516,11.1183,49,27,10.4937,10.5737,36,30,33.9343,0.003,12.513,0.880111,38.5568,3.5,5.22748,0,6,40.686
32.228,9.39461,27,26,35.3124,7.88569,42,27,52.7123,22.1431,58,31,36.3577,9.01918,43,29,46.6978,16.7773,54,30,37.4604,13.2039,46,24,47.9726,0.003,13.0706,1.2557,38.2037,2.5,15.495,0,6,68.4683
48.7913,12.3445,28,28,41.0316,17.0622,47,23,37.7155,7.54386,36,23,57.2595,13.8407,48,30,18.2904,11.7478,34,28,31.5033,14.3406,40,25,34.2251,0.009,12.8133,0.925572,36.9772,0.5,4.88961,0,6,53.5923
24.7774,7.13051,20,23,57.164,14.2797,53,25,21.6927,10.2565,40,23,48.1466,19.4925,56,22,45.4034,17.381,52,31,31.8114,17.8586,49,28,44.1846,0.003,14.3998,1.20185,36.7637,1.5,14.0751,0,6,66.5133
12.5039,14.914,20,25,53.0177,5.88944,44,22,36.1567,12.7547,46,24,22.0268,11.4064,41,26,17.4967,24.0872,50,27,26.0777,17.0024,46,30,47.4336,0.008,14.3423,1.29511,36.6252,3.5,14.017,0,6,64.1208
46.7052,20.2809,40,29,56.8293,11.821,51,29,43.9852,15.773,51,27,50.9304,16.5195,53,22,53.5144,8.08963,48,26,55.0156,6.89518,47,24,38.8071,0.004,13.2299,1.05175,36.8976,2.5,14.4889,0,6,53.2182
43.6084,13.646,49,28,46.5751,15.5804,51,29,41.4785,8.12588,44,27,35.7775,12.1372,45,30,42.6281,4.2505,40,24,46.9721,10.784,48,29,37.6784,0.007,10.754,0.992269,37.972,1.5,9.94889,0,6,55.0846
44.027,18.6233,32,25,50.5996,15.6794,48,31,38.8146,16.6188,44,29,57.101,15.1473,49,29,38.4147,8.42103,37,22,41.1936,7.86972,39,26,33.4194,0.009,13.7266,0.922668,36.2204,0.5,24.4191,0.166667,5,51.8352
58.2167,6.36013,28,24,16.0455,25.4161,51,27,52.4248,13.5108,51,26,45.9536,12.9704,48,24,42.4948,9.32188,45,24,38.1163,11.7138,45,27,46.7496,0.004,13.2155,1.34904,34.654,1.5,38.2121,0.166667,5,70.978
21.5239,9.24909,26,25,49.3397,18.9462,56,29,29.8756,21.3582,52,31,30.3854,9.71059,41,26,47.9403,15.68,53,25,55.3287,18.9894,58,26,46.6557,0.004,15.6556,1.29664,35.9819,2.5,46.6557,0.166667,5,66.0585
39.7525,13.7938,47,28,56.8889,25.2407,63,31,37.7235,6.15074,40,26,32.1788,9.49719,41,26,51.8332,17.4942,54,26,45.3251,16.5711,51,22,57.9093,0.004,14.7913,1.55492,37.2427,2.5,20.2084,0,6,85.6976
29.9947,13.6453,45,25,43.6203,21.3527,56,29,47.1812,16.7525,54,24,48.9062,15.5148,52,22,20.3488,14.0745,43,29,45.4637,7.84004,44,24,47.5984,0.007,14.8633,1.30172,36.5658,1.5,12.1972,0,6,72.4853
43.6663,22.4762,41,30,35.4039,18.2634,51,26,42.537,26.2897,60,30,46.7489,21.9833,58,28,17.5954,15.5117,42,30,27.3032,7.6467,39,27,54.7316,0.006,18.6952,1.42048,38.5303,3.5,7.12936,0,6,76.135
50.5499,13.609,34,28,44.8529,8.72225,44,24,57.9301,7.37777,47,26,38.9387,4.544,39,23,34.6352,20.3788,53,24,56.5179,15.9723,55,31,40.1715,0.007,11.7674,1.08601,36.9899,4.5,10.3706,0,6,47.64
30.2896,5.76331,24,25,42.985,10.7601,46,26,25.3448,21.2402,50,28,45.6805,9.42027,45,25,23.373,16.4727,45,30,22.0204,20.3173,49,27,36.8518,0.009,13.9956,0.991633,37.1627,4.5,9.40864,0,6,41.9105
15.5339,9.92955,37,25,15.7008,11.3483,39,31,34.0126,21.8517,54,30,27.6591,0.78445,33,22,34.8626,10.0764,44,25,40.9725,14,49,28,47.4044,0.004,11.3317,1.25805,37.6808,2.5,16.8819,0,6,67.63
40.165,15.7,20,31,23.358,7.31516,32,27,16.1495,8.64581,31,22,29.7276,9.21105,36,27,34.6957,13.292,41,28,37.1149,18.9822,47,30,37.2455,0.002,12.191,0.978837,38.0507,0.5,8.70872,0,6,58.3836
12.9448,12.1731,21,27,45.2884,12.6864,43,24,59.7011,16.0071,50,29,11.7905,12.1734,32,22,17.6445,5.78176,29,22,36.2284,12.1905,40,26,22.4254,0.008,11.8354,0.645116,34.7618,0.5,18.2527,0.166667,5,33.4305
11.9991,15.0662,24,22,10.3981,7.7349,28,23,25.1157,12.0765,36,27,55.4688,25.7865,59,31,11.4437,9.19705,30,22,22.8664,15.5388,39,28,25.195,0.002,14.2333,0.682652,36.9076,0.5,8.97259,0,6,38.022
20.3943,3.79208,21,23,52.7986,9.90021,47,29,59.5155,17.4914,56,27,44.6894,9.3623,45,25,40.9361,10.9746,46,22,48.0013,14.093,51,25,43.1081,0.009,10.9356,1.18801,36.286,3.5,15.1193,0,6,56.7647
34.4315,8.12553,27,24,26.6835,19.1726,50,27,17.8192,15.861,43,25,23.2307,16.3923,45,25,53.5464,14.546,54,25,12.3016,10.5742,36,24,42.531,0.009,14.1119,1.18299,35.9522,1.5,14.4782,0,6,63.9049
24.2071,22.9084,38,28,43.8761,11.6791,47,25,14.1046,18.8256,45,28,54.6046,13.5204,53,24,15.2886,17.2511,44,26,47.052,26.4518,62,31,47.0947,0.008,18.4394,1.25632,37.4864,1.5,15.3543,0,6,71.1931
49.2625,23.8276,43,31,28.9873,25.9383,56,28,35.9005,12.6591,46,24,57.3946,4.57528,45,22,46.7718,15.7188,53,29,43.2694,9.9223,45,23,49.2496,0.003,15.4402,1.37594,35.7934,4.5,33.4518,0.166667,5,62.9999
23.2544,11.1802,28,25,43.9341,18.3098,53,31,55.7868,10.8834,50,22,25.5274,16.4911,45,29,10.8345,13.156,38,26,38.328,17.8714,51,26,24.2988,0.003,14.6487,0.678278,35.8242,4.5,22.5349,0.166667,5,20.3174
10.0078,4.0143,19,23,11.051,25.253,49,31,23.5181,11.3543,41,31,19.79,4.62994,33,28,36.1827,12.2265,46,28,29.6461,21.0724,51,30,44.276,0.005,13.0917,1.13589,38.9793,4.5,13.976,0,6,53.9385
14.7511,19.0933,34,30,11.4999,14.0956,39,23,26.8434,13.2856,44,30,33.441,9.66296,43,28,51.9437,20.1985,57,28,53.4699,14.4613,54,25,38.9144,0.007,15.1329,1.03009,37.7777,1.5,10.8967,0,6,57.2281
37.2896,26.6303,38,31,53.2789,3.23408,36,24,46.6157,14.8988,45,29,45.8913,9.45858,40,28,27.0845,3.98162,31,24,58.4183,17.8898,52,24,45.2632,0.004,12.6822,1.20903,37.4378,0.5,16.7196,0,6,72.0504
15.5545,8.6075,19,26,32.9154,26.303,51,31,58.4279,8.04052,43,25,48.304,10.4653,43,28,46.5725,18.0209,48,30,15.5624,8.06339,31,29,47.9625,0.006,13.2501,1.24907,38.3985,0.5,6.41265,0,6,76.6421
32.0481,11.7695,29,24,55.5443,22.9938,61,27,23.8955,14.7238,44,26,42.4094,8.77649,44,23,12.2735,12.6766,38,26,12.0584,13.0836,38,23,29.1813,0.005,14.004,0.84712,34.4476,1.5,23.4546,0.166667,5,41.0644
44.9289,14.8702,45,27,55.4175,4.63646,40,22,48.549,21.6688,53,30,32.3166,12.6213,39,26,39.8776,15.1295,43,26,44.231,4.86062,36,22,46.3091,0.005,12.2978,1.26478,36.6144,0.5,13.344,0,6,74.2275
52.4908,17.1963,54,25,22.1338,9.38375,39,27,52.5789,8.65863,46,23,33.4422,2.27544,37,22,18.8324,19.8435,46,28,56.8736,15.4837,54,30,38.912,0.002,12.1402,1.05721,36.8064,2.5,14.0741,0,6,53.449
18.7814,11.6819,20,26,25.1345,21.14,50,31,15.7098,9.11807,37,24,19.9495,5.19738,33,22,51.4599,8.19226,46,24,12.0852,14.8813,40,29,40.4275,0.009,11.7018,1.08933,37.1122,2.5,12.8195,0,6,55.9573
38.505,17.3158,35,28,45.9706,15.1612,50,23,50.9712,9.23361,47,24,17.5344,15.1028,42,28,57.383,13.9829,53,27,26.6622,10.7416,40,22,29.2831,0.007,13.5896,0.805094,36.3723,1.5,10.1172,0,6,41.1172
47.1008,23.4694,33,29,10.7783,15.0442,40,29,57.2695,14.8368,54,30,46.8972,3.40078,42,23,37.5463,20.1382,53,27,44.8708,6.13681,42,22,40.7659,0.004,13.8377,1.0886,37.4479,3.5,15.4698,0,6,52.3778
49.6621,6.23954,27,25,21.8782,16.516,45,22,30.2612,6.491,38,22,12.9184,14.7434,40,28,24.7784,10.0837,40,24,33.5759,24.0892,56,29,50.5146,0.006,13.0271,1.39122,36.3097,1.5,6.46129,0,6,77.7731
24.7375,11.6204,23,25,30.448,17.3023,43,31,44.532,13.5247,44,30,59.7134,8.07266,43,25,10.6956,11.4275,32,27,56.2409,13.9658,48,30,31.5942,0.007,12.6522,0.822926,38.3926,0.5,10.3983,0,6,48.5564
22.9822,13.7029,30,27,45.5044,16.8335,52,29,54.8234,21.6433,60,31,20.0471,10.5255,40,31,51.5622,10.1031,48,29,37.3197,3.85577,38,22,25.623,0.006,12.7773,0.660963,38.7662,2.5,4.85478,0,6,30.4453
17.6853,13.1972,28,28,52.1179,16.4572,53,30,50.3188,27.1297,63,31,43.5344,6.24085,42,24,39.2439,10.6837,44,25,14.2481,6.59968,34,23,55.5388,0.005,13.3847,1.53605,36.1568,3.5,43.3745,0.166667,5,77.3778
35.423,10.159,44,27,53.5403,8.14577,48,25,32.0035,4.79738,37,24,31.8141,13.9325,45,31,44.672,13.5738,49,24,42.9978,13.8488,49,28,30.7258,0.007,10.7429,0.825746,37.2097,2.5,10.2092,0,6,39.3766
35.4135,22.7712,40,31,24.8711,17.2218,46,23,20.4595,10.402,40,22,23.9412,2.39551,33,22,21.8328,14.4383,43,26,13.7221,17.909,45,31,44.7229,0.008,14.1896,1.19476,37.4325,4.5,5.72046,0,6,55.4362
13.3892,21.3085,26,28,55.5897,11.8837,51,27,11.4001,4.57655,31,24,38.9544,8.45518,42,25,23.7214,15.763,45,31,30.793,11.1236,43,27,36.8661,0.004,12.1851,0.984156,37.4597,4.5,13.4745,0,6,41.7515
29.4721,24.1326,40,27,40.404,9.09619,45,27,28.2155,7.59048,39,22,57.4366,17.1316,56,24,32.388,15.0721,46,22,24.6455,18.6831,47,28,46.0518,0.002,15.2843,1.2721,36.2015,1.5,12.6405,0,6,69.9691
54.6572,13.8464,35,30,36.7394,14.8844,48,29,55.9279,15.0888,54,31,43.962,5.01358,41,26,32.6723,8.84063,40,24,13.018,11.058,36,30,22.3186,0.002,11.4553,0.57667,38.7025,3.5,5.56918,0,6,20.818
50.1469,22.8341,42,30,29.4789,10.3792,42,27,27.0925,12.2404,44,26,17.0792,20.3305,47,30,10.1655,20.982,45,31,59.8619,13.023,52,31,37.7206,0.007,16.6315,0.956959,39.4171,3.5,6.18737,0,6,46.8626
42.5813,9.5914,29,22,12.573,13.1194,38,27,21.3979,7.77529,37,27,49.9648,20.1322,57,31,27.6821,15.018,46,24,23.4308,21.3561,50,24,45.5795,0.006,14.4987,1.23447,36.9222,1.5,5.60736,0,6,69.093
25.5847,8.21917,25,27,54.6367,13.4921,53,29,57.2571,14.7464,54,22,19.7899,7.5834,35,24,10.3092,24.6631,49,30,35.2417,13.095,46,27,49.8481,0.002,13.6332,1.39606,35.7064,1.5,43.12,0.166667,5,75.7805
52.2005,18.5992,28,31,17.3671,16.6888,44,26,15.9499,17.4851,44,25,22.0026,11.7225,41,24,49.3836,10.2782,48,29,14.5739,9.44926,37,25,30.4008,0.002,14.0372,0.81427,37.335,2.5,8.21465,0,6,38.8721
29.3434,14.8989,22,29,53.6387,8.27916,48,23,32.3166,14.7345,46,24,39.2627,11.5036,45,23,22.6181,9.39242,39,26,51.1378,17.7641,54,29,31.6717,0.003,12.7621,0.864472,36.637,4.5,8.65914,0,6,33.2175
24.3189,7.13071,24,28,34.2332,13.0226,46,27,22.6964,14.22,43,22,33.614,21.6666,54,27,40.9284,16.5135,51,31,45.48,21.2391,56,28,48.0853,0.006,15.6321,1.27609,37.6817,2.5,15.1633,0,6,68.8372
23.3137,3.2947,15,23,31.8228,13.2572,39,27,28.3322,23.9565,49,27,31.5404,9.86672,36,23,54.1075,11.8973,46,23,26.5263,19.9458,43,31,43.4489,0.004,13.703,1.17876,36.8599,0.5,11.093,0,6,69.3018
38.1999,13.3081,41,23,54.1807,21.1373,55,25,26.7804,18.6873,44,24,21.5222,11.6436,36,24,38.7533,12.6683,41,28,54.0724,17.3204,51,22,33.3765,0.005,15.7942,0.932108,35.8076,0.5,8.24845,0,6,52.3846
24.8019,12.0717,36,29,51.6128,8.56914,41,26,52.5892,24.4352,55,31,28.3782,9.5743,36,23,11.9708,14.5014,35,25,55.1761,14.7365,49,31,29.6353,0.008,13.9814,0.775266,38.226,0.5,7.32388,0,6,45.3373
48.82,11.1538,32,28,26.2668,5.78986,36,24,31.0054,16.8621,48,28,54.4039,5.15439,45,22,55.9908,16.4669,55,31,31.4374,7.32992,39,23,36.2952,0.002,10.4595,1.01867,35.63,4.5,23.4946,0.166667,5,41.0269
23.7854,10.2123,40,24,12.4564,7.22878,33,28,28.2751,8.93286,41,30,52.3366,5.27346,43,22,59.888,14.9488,54,22,52.7751,18.0437,55,27,41.6877,0.009,10.7733,1.1359,36.7003,1.5,13.0995,0,6,62.2447
16.8625,21.2288,36,31,35.1674,10.0543,44,24,16.0469,13.4714,41,23,48.4306,16.653,53,27,56.1866,17.4985,56,24,38.1941,10.5698,44,29,43.0269,0.007,14.9126,1.15489,37.2563,2.5,10.9852,0,6,60.4345
34.0611,4.39352,23,23,48.1605,10.3835,48,24,39.1374,14.9596,48,30,48.9912,9.59477,47,28,45.3236,8.97057,45,26,59.7526,12.0739,51,24,33.4933,0.005,10.0626,0.911855,36.731,2.5,4.09205,0,6,44.4485
37.0221,11.5631,30,30,22.961,20.9483,49,29,20.9346,17.2541,46,26,37.169,22.5218,55,30,19.9967,8.47573,36,23,47.8794,14.5468,52,30,40.6081,0.009,15.885,1.10073,36.892,4.5,30.3619,0.166667,5,47.8108
43.6146,11.916,31,29,55.1633,14.7385,54,29,33.9916,9.72874,43,23,22.2991,16.4841,45,29,50.8841,1.5703,40,24,45.9315,9.70221,45,29,36.3801,0.005,10.69,1.00698,36.128,3.5,25.9917,0.166667,5,44.931
56.9848,15.8966,37,31,43.9291,9.42756,45,25,30.0727,11.6414,43,27,18.8582,5.73684,34,23,26.4715,12.7188,42,31,15.4144,10.9755,38,28,21.7051,0.002,11.0661,0.591972,36.6657,2.5,18.9454,0.166667,5,23.7818
11.482,13.0204,27,30,41.0155,21.3278,56,28,29.7452,6.62852,38,27,23.6889,9.90008,39,31,16.7549,13.6665,41,30,22.4469,9.41097,39,26,46.1215,0.007,12.3257,1.18903,38.7892,4.5,14.5585,0,6,57.1196
21.6283,13.6774,20,26,53.0095,18.7032,55,25,44.6404,5.99881,42,23,35.0469,6.89209,41,24,52.1017,15.7787,53,24,37.8548,7.85716,42,23,38.8922,0.006,11.4846,1.09199,35.6158,2.5,9.8932,0,6,53.8981
34.8508,8.24013,27,28,47.2941,4.5749,43,22,18.4264,24.266,50,31,34.3858,8.0476,42,26,13.5316,10.352,38,23,12.0023,19.3613,44,30,43.3241,0.004,12.4737,1.15083,37.646,4.5,8.51529,0,6,52.9057
24.7119,10.3973,22,31,26.5606,23.0204,46,30,16.2705,21.4972,43,29,31.1939,1.84323,29,23,16.6241,12.3896,35,30,37.9339,10.1154,39,24,38.4404,0.002,13.2105,1.03882,37.004,0.5,32.8106,0.166667,5,60.0165
18.3283,9.51791,25,28,39.83,18.5805,51,28,39.1472,17.9521,51,30,23.001,7.16542,37,24,39.5358,10.4347,44,25,59.0173,22.0882,60,26,46.827,0.006,14.2898,1.31067,35.7274,4.5,37.4813,0.166667,5,58.7133
27.4495,16.4894,47,29,43.8622,15.6387,51,23,44.3897,8.33765,44,25,55.4844,11.8577,51,29,43.6166,5.37279,41,25,39.5863,18.4833,51,30,31.7177,0.009,12.6966,0.847598,37.4206,1.5,7.36661,0,6,45.0976
42.5884,20.4862,55,31,14.8547,15.9105,43,23,20.3139,13.8176,43,22,27.5664,16.0114,47,23,59.6774,8.50734,48,22,31.4742,22.4537,53,24,48.066,0.004,16.1978,1.32683,36.2261,4.5,15.3821,0,6,61.3341
34.0719,26.7674,44,31,51.2715,12.4472,50,29,45.513,12.0747,47,30,57.5276,15.2808,54,28,23.8783,5.20608,35,22,32.6056,6.50241,38,28,50.4846,0.007,13.0464,1.31219,38.4737,3.5,9.41427,0,6,68.8291
44.1595,20.1124,34,29,22.1657,16.0513,40,24,24.7209,10.4784,35,28,12.5078,24.1625,43,27,55.3722,12.0704,46,22,35.5297,26.3426,53,28,43.9776,0.004,18.2029,1.18964,36.9671,0.5,13.9452,0,6,70.0878
36.1317,13.1786,46,30,50.0133,-0.226643,39,22,59.1865,17.5733,56,29,30.7592,19.7777,50,28,10.3293,9.59955,35,26,45.7661,16.9772,52,31,42.8937,0.007,12.8133,1.12167,38.2408,1.5,11.0323,0,6,63.8887
40.3969,13.1745,32,30,14.5869,14.8649,42,24,28.5985,9.71053,41,30,35.9425,2.9073,37,24,30.0963,15.2468,46,29,25.3129,18.7671,47,28,40.9873,0.008,12.4452,1.08067,37.9277,1.5,10.5962,0,6,60.7342
59.2661,17.7559,38,28,22.1965,11.4613,41,29,51.0657,4.98015,43,22,23.0066,9.36321,39,24,29.7588,11.3088,43,25,37.6505,3.16051,37,24,23.1692,0.005,9.67166,0.663829,34.9024,3.5,16.8021,0.166667,5,22.7432
51.2794,9.04777,30,29,43.777,12.1246,47,31,26.8375,3.88166,36,24,53.7568,20.1556,59,31,28.4838,17.4459,48,24,34.1148,7.65305,41,28,32.904,0.007,11.7181,0.855859,38.4455,3.5,6.7929,0,6,38.8884
35.2712,20.1441,38,26,25.226,12.041,41,25,25.5296,9.45669,39,24,27.3741,13.005,44,23,17.0703,17.2344,44,27,21.6392,25.3177,53,26,54.2724,0.003,16.1998,1.50488,36.0643,1.5,19.4274,0,6,83.9646
40.9524,18.2849,37,31,17.0221,12.0502,39,22,41.3229,12.364,48,28,54.1526,4.21875,44,24,10.9986,10.2155,36,22,53.888,17.6597,56,27,24.2357,0.007,12.4655,0.655741,36.9592,1.5,7.22332,0,6,32.391
11.5615,7.63439,33,30,59.5508,18.7342,57,30,44.2425,2.58378,39,22,14.1995,7.60945,35,26,15.1895,24.7296,51,31,41.3664,11.2512,47,26,48.6738,0.006,12.0904,1.27373,38.2136,3.5,16.5693,0,6,65.6164
29.0246,4.66918,23,28,49.9421,13.0183,50,24,34.9841,7.74063,41,22,24.9489,27.0114,55,30,26.7705,19.5318,50,29,20.6599,26.2059,54,28,52.4002,0.006,16.3629,1.39861,37.4659,4.5,10.7023,0,6,68.4408
39.9993,9.62559,23,23,12.8299,16.4748,36,28,42.8181,14.4433,44,29,17.6926,10.8214,33,22,10.499,11.3905,32,22,37.1771,11.6236,40,29,30.475,0.003,12.3965,0.829566,36.7361,0.5,10.2238,0,6,47.0885
45.3418,15.58,35,23,15.6945,5.31935,33,24,27.5881,17.1104,48,28,37.6491,12.4802,46,27,13.4626,13.1299,40,26,28.3089,13.5244,45,23,32.016,0.003,12.8574,0.884897,36.1805,3.5,9.22545,0,6,37.917
42.1052,13.3045,22,25,42.6052,14.0228,49,29,29.6183,14.9358,46,29,46.5693,17.1449,52,28,21.9781,5.68641,36,24,50.0301,19.1589,56,29,34.1136,0.006,14.0422,0.907726,37.5814,3.5,12.1487,0,6,41.0312
13.0318,9.22249,20,29,51.0063,9.36325,47,27,41.5674,3.45975,40,22,45.3471,13.9477,49,31,20.4654,9.15742,39,26,46.3014,27.8428,62,31,60.2079,0.008,12.1656,1.56914,38.37,4.5,14.5177,0,6,81.3198
54.237,13.0539,34,27,35.8251,4.03124,38,25,22.397,15.3132,44,30,46.4938,21.2065,56,26,50.5058,25.0936,61,29,35.6096,16.8706,50,28,52.6386,0.009,15.9282,1.39844,37.6408,4.5,12.6486,0,6,68.7097
41.4121,10.1742,25,24,58.0746,20.1121,54,30,46.202,10.5607,41,22,46.1815,23.3714,53,30,53.3033,14.1105,46,24,57.0237,14.9133,49,26,52.3425,0.003,15.5404,1.41241,37.059,0.5,13.0752,0,6,84.441
15.0308,22.9506,37,30,40.4922,14.1404,49,24,40.4613,10.3598,46,25,46.006,12.3621,48,24,46.6942,6.41778,44,24,28.3872,27.5279,57,31,53.1752,0.008,15.6264,1.42451,37.3287,2.5,12.8666,0,6,77.7467
15.9017,14.8564,20,28,18.9354,18.1472,45,31,28.713,4.96928,37,25,58.0864,6.75413,47,22,43.8022,13.9333,49,28,38.1085,9.3433,43,23,35.176,0.009,11.3339,0.945717,37.1951,2.5,9.65526,0,6,47.0195
58.2677,15.5687,27,26,29.6506,18.2895,49,26,29.3926,12.4784,44,27,42.9515,8.31074,44,26,56.4953,12.2331,52,28,45.0816,8.95624,45,23,34.4424,0.009,12.6394,0.942956,36.526,2.5,9.30674,0,6,45.9609
33.2608,16.8826,29,31,43.8042,18.2767,48,26,23.5276,5.88806,31,25,52.1294,6.28413,39,25,25.0596,20.8148,44,31,11.0054,1.23135,25,22,37.8428,0.009,11.563,1.00361,37.7069,0.5,5.68137,0,6,59.5611
19.2852,4.19963,20,22,13.5248,18.2347,45,31,38.3116,12.8438,46,29,56.7579,16.3921,55,26,23.9492,17.6956,46,25,34.9258,8.9225,43,25,38.092,0.002,13.0481,1.02282,37.2423,1.5,5.60013,0,6,56.1632
15.2235,12.3532,28,23,16.9525,10.4654,38,29,53.8716,6.39889,46,25,13.4362,14.6562,42,26,42.5542,10.3375,46,29,57.2407,20.7529,59,26,30.0714,0.006,12.494,0.81493,36.9006,4.5,8.55858,0,6,30.3878
21.7312,16.2952,32,30,38.367,6.26935,40,23,34.621,12.2844,46,26,35.0488,21.7804,54,29,25.624,5.87171,36,25,40.3565,13.4437,49,24,28.3437,0.007,12.6574,0.766889,36.9594,4.5,6.61263,0,6,27.4606
12.946,15.1252,20,31,26.4125,17.7996,47,27,15.9127,8.35133,36,26,11.7705,18.1,43,31,26.7679,19.6737,50,26,41.0945,11.2887,47,27,40.4922,0.009,15.0564,1.05678,38.3164,3.5,14.2739,0,6,51.654
17.2621,22.9221,37,30,56.4999,15.7432,55,22,37.2651,4.46918,39,24,17.3927,2.89921,31,24,59.7556,18.1118,57,26,26.3674,17.8887,47,30,38.2618,0.002,13.6724,1.03246,37.059,4.5,7.44382,0,6,44.4544
35.9611,14.7694,33,27,18.2169,15.6865,43,23,28.9385,21.1416,52,26,31.0377,7.45645,39,22,23.8876,14.477,44,23,21.3567,25.5223,53,29,50.5636,0.003,16.5089,1.45502,34.7512,3.5,35.8595,0.166667,5,69.6146
41.1383,17.8134,27,30,31.0558,10.1394,42,22,28.989,14.4598,46,30,47.6104,20.3428,57,28,47.8083,8.69696,46,28,23.9363,7.62306,37,23,46.1902,0.009,13.1792,1.22781,37.6199,1.5,17.4329,0,6,69.5303
53.157,11.6188,32,24,21.6066,14.9088,44,28,31.7463,8.44833,40,27,48.0525,11.1473,49,23,21.3911,17.3053,46,22,47.5009,14.3848,51,29,35.9874,0.002,12.9689,0.984993,36.5357,3.5,8.70775,0,6,44.6669
54.6114,8.78442,30,23,55.1767,17.5928,56,30,10.8388,13.3746,39,24,26.7058,11.7867,43,30,11.0708,19.1494,44,26,49.6055,21.9986,58,29,31.6617,0.006,15.4477,0.841102,37.6432,4.5,6.03119,0,6,32.9991
13.5138,4.7158,21,26,59.7424,20.0386,59,28,14.1704,17.8022,45,26,29.7428,19.9484,50,30,23.1466,12.9086,42,30,42.8044,4.36755,40,23,34.323,0.002,13.2969,0.912199,37.6267,2.5,7.69481,0,6,45.5312
56.7321,11.0113,32,27,16.6568,18.3952,45,24,45.1547,8.64385,44,27,35.9448,10.9872,44,25,49.4225,15.3849,52,31,26.2763,8.42259,38,22,38.914,0.007,12.1408,1.09656,35.4872,2.5,33.5114,0.166667,5,53.2642
33.5,11.9703,30,23,54.0036,19.3089,58,25,13.4692,6.55319,34,26,59.389,12.639,52,27,49.4862,14.5406,52,23,11.2385,22.1661,46,30,40.6619,0.006,14.5297,1.11054,36.6146,1.5,7.1321,0,6,60.704
16.7937,14.235,20,25,43.9592,27.1795,61,31,11.0007,19.5076,44,26,52.7074,11.3812,49,23,55.4926,19.4338,58,25,57.2075,12.5896,52,25,34.0179,0.006,17.3878,0.924267,36.8052,1.5,11.2493,0,6,49.109
42.589,18.8049,37,28,36.017,12.6572,46,27,25.5613,7.15665,37,22,33.7709,13.7257,47,25,58.6212,19.1422,58,28,32.6237,20.3076,51,29,37.4277,0.006,15.299,1.01068,37.0321,3.5,7.53704,0,6,47.0083
50.2787,22.3859,32,30,12.1184,10.441,36,31,35.0564,12.1173,45,31,26.6012,10.907,40,22,59.7028,20.245,59,30,29.2642,12.764,44,31,23.5611,0.002,14.81,0.589981,39.9353,4.5,5.6812,0,6,18.6862
58.599,15.9901,37,29,26.5787,8.26619,38,24,43.8706,15.1297,50,24,26.6121,12.9969,42,28,53.4935,20.6565,59,31,21.9592,13.6413,43,25,25.0958,0.002,14.4468,0.697051,36.0028,4.5,18.6912,0.166667,5,21.7692
34.0661,21.4617,29,28,16.582,11.4724,39,25,17.892,12.0205,39,22,19.9659,14.6438,42,28,34.6016,6.5148,40,24,42.8992,21.4443,56,28,44.3696,0.004,14.5929,1.21166,36.6188,4.5,10.8877,0,6,54.9715
35.7661,4.51595,19,20,36.1986,22.63,50,30,54.8802,7.3708,42,27,35.6355,7.92712,37,24,17.9963,21.2887,43,31,47.4201,11.3187,44,26,38.1516,0.008,12.5085,1.01712,37.5094,0.5,12.0428,0,6,59.9624
55.7914,11.769,33,30,50.9467,7.97469,46,25,29.0622,16.963,48,29,37.4081,3.61018,38,25,42.7728,14.4334,49,26,24.8942,9.31386,39,30,32.9846,0.003,10.6774,0.872035,37.8249,4.5,7.57223,0,6,35.1851
35.52,9.46026,43,23,45.8686,17.6907,52,23,18.7654,8.9828,37,28,41.8718,12.5186,48,24,15.6194,16.9448,44,30,36.1618,14.0012,47,23,36.6142,0.006,13.2664,1.00366,36.4807,2.5,10.8198,0,6,49.6776
50.1074,8.72089,29,20,24.3765,16.5414,45,23,41.0406,14.8922,50,24,57.7161,7.06198,47,27,41.6055,21.954,56,30,16.5873,12.8907,40,27,31.5527,0.004,13.6769,0.863202,36.5531,3.5,7.58186,0,6,37.0629
40.0131,4.98165,25,22,42.3782,17.6521,52,25,27.7162,17.6529,48,30,47.6981,18.5541,55,30,19.1467,7.5795,35,26,44.9155,13.1855,48,30,36.3042,0.003,13.2676,0.998115,36.3728,1.5,32.2725,0.166667,5,52.5483
22.8322,12.8417,24,24,38.8314,16.8375,45,29,43.0794,13.4707,44,30,34.4375,19.6973,47,27,25.5528,9.80954,34,24,44.3104,10.9554,41,25,41.0654,0.008,13.9354,1.10646,37.1141,0.5,11.499,0,6,65.0956
58.1644,7.49307,29,26,21.3037,12.4651,42,25,59.3067,21.9164,60,29,11.3731,9.98245,35,22,37.9861,13.9646,47,24,59.5505,15.677,55,26,24.275,0.006,13.5831,0.668431,36.3164,1.5,4.7227,0,6,32.683
10.7251,21.1432,35,27,30.5524,21.1185,52,27,20.619,8.9135,39,24,14.1136,17.1257,44,29,30.3805,9.83639,41,25,55.6505,21.9719,60,28,37.7666,0.009,16.6849,1.02085,36.9951,2.5,9.57182,0,6,51.5249
34.4958,1.50837,16,20,46.2171,13.6319,44,27,53.8655,15.8288,50,24,23.5841,15.2332,39,27,24.7878,14.5294,39,28,13.2572,7.0475,28,26,28.0586,0.002,11.2965,0.77121,36.3826,0.5,8.18704,0,6,43.0914
39.3186,10.6193,29,23,40.2358,11.9549,47,23,56.4386,17.3945,56,23,38.0201,11.8544,45,28,22.9657,11.3488,41,26,40.7277,17.3823,52,31,40.5853,0.007,13.4257,1.10027,36.8866,3.5,9.75234,0,6,52.4017
10.8416,14.8534,29,26,27.6966,11.9037,43,22,14.5866,8.0368,36,25,56.2914,15.5461,54,23,32.33,23.4137,54,29,20.2719,17.7418,46,27,47.3192,0.002,15.2493,1.30113,36.3679,3.5,13.5229,0,6,64.0627
27.0625,22.9779,29,30,53.7941,16.3557,55,30,15.149,18.0903,45,31,47.459,19.095,56,29,36.4544,8.74734,42,25,43.591,3.72545,40,23,36.1018,0.007,14.8319,0.936033,38.569,2.5,11.3958,0,6,48.1786
42.0904,18.2672,37,29,57.2378,19.3665,58,28,54.5013,14.5912,54,23,50.8362,18.6313,55,31,15.2914,6.57067,34,23,15.1073,23.4095,50,30,45.5138,0.007,16.8061,1.24412,36.5833,2.5,45.4905,0.166667,5,63.8973
55.0787,9.49547,31,27,50.0954,6.37328,44,25,26.1453,13.236,42,31,47.4287,22.8795,59,28,11.2895,16.2683,41,26,32.1464,19.0862,50,27,27.7727,0.006,14.5564,0.738507,37.6066,4.5,9.22805,0,6,26.2518
23.8196,17.311,33,24,54.4473,22.3268,61,30,13.7693,19.3959,46,28,15.4745,8.63041,36,27,11.6568,13.4127,39,28,56.5174,9.82181,49,23,35.0509,0.006,15.1498,0.941879,37.2138,3.5,12.6119,0,6,42.726
50.5021,20.3687,40,30,22.1435,12.7872,42,24,26.0691,19.2169,48,31,33.6949,15.6859,49,31,29.883,3.51119,36,22,31.8735,24.1576,54,31,52.353,0.007,15.9546,1.336,39.1865,1.5,15.3402,0,6,79.5873
35.9177,11.9751,45,29,31.9867,11.7054,43,30,37.4075,6.84872,41,23,27.11,8.21951,40,24,56.8895,20.5679,59,30,22.4678,10.0284,40,28,44.1103,0.005,11.5575,1.1646,37.876,3.5,16.8309,0,6,57.9222
43.1711,21.1866,30,27,21.7438,11.4705,41,23,33.3429,9.32607,43,29,22.6603,12.3257,42,29,14.2206,12.4129,40,27,55.4548,19.7499,58,31,26.1194,0.008,14.4119,0.686458,38.0495,3.5,6.97633,0,6,27.3775
45.8029,8.52111,28,26,19.3798,17.9438,45,26,18.1564,22.129,48,28,25.5675,26.0741,54,30,17.5335,12.059,39,22,53.1585,17.1021,54,26,52.0129,0.002,17.3049,1.40637,36.9838,3.5,12.1616,0,6,71.9367
54.8663,9.37475,31,22,18.1463,16.1748,43,30,57.5558,6.0297,46,26,44.9875,11.9453,47,24,40.4933,20.3829,55,29,53.1433,10.1863,48,23,29.5076,0.008,12.349,0.835869,35.3016,3.5,23.7168,0.166667,5,33.3726
16.4116,19.0044,24,31,44.9966,7.74749,43,22,11.3417,21.5736,46,29,23.5603,4.41912,34,24,52.483,11.2299,49,23,11.8888,12.4932,38,24,38.2932,0.006,12.7446,1.03737,36.9136,4.5,10.6797,0,6,44.4353
18.7123,23.1292,37,31,45.9751,27.6112,61,31,54.4171,7.67236,47,23,44.1319,12.3623,48,24,34.8416,4.52626,39,24,51.2646,16.1285,53,23,41.7054,0.005,15.2383,1.11454,37.4193,1.5,12.169,0,6,62.0909
33.5206,12.8709,26,29,10.6733,13.8782,34,29,53.7787,17.2627,51,28,24.2732,9.88427,34,25,14.6723,5.34035,28,26,12.1358,6.99894,28,27,21.7423,0.009,11.0392,0.580798,37.4351,0.5,4.20146,0,6,32.0939
50.8427,8.66658,24,26,23.1267,6.46781,31,23,24.3998,22.0934,45,27,20.8871,20.275,44,26,25.177,20.0955,44,25,44.5988,13.6285,44,26,42.6044,0.009,15.2045,1.17655,36.2113,0.5,11.3728,0,6,68.036
54.1015,22.6266,33,30,32.9041,11.935,43,22,29.9396,6.31315,38,23,11.2456,19.1574,44,29,17.585,10.8279,38,30,36.5565,22.0773,54,30,34.9546,0.002,15.4896,0.916184,38.1523,3.5,8.66929,0,6,42.439
40.9266,8.12549,28,24,13.3148,15.5136,40,26,13.9882,18.1289,45,28,48.8402,20.9825,57,26,50.7158,16.9883,54,27,18.5155,13.8126,41,25,33.8707,0.008,15.5919,0.928072,36.4958,3.5,12.9238,0,6,40.8832
51.2395,23.3821,43,29,14.2863,10.2816,38,27,33.6969,14.5321,48,23,41.4877,17.2899,52,30,27.9324,22.7803,53,31,58.4488,13.2931,52,24,48.969,0.006,16.9265,1.28848,38.0052,1.5,12.1019,0,6,74.3278
58.3603,12.098,33,27,49.918,10.7258,48,28,21.0605,14.5882,44,26,25.8528,18.8788,47,31,37.6983,6.63407,40,23,16.2529,5.80435,34,25,33.2384,0.009,11.4549,0.890993,37.3049,4.5,5.28101,0,6,35.7978
11.3134,6.75383,17,22,39.9455,6.86065,36,28,51.0733,10.4273,43,25,56.0136,20.3704,54,31,16.8809,19.1737,41,31,57.5191,9.97029,44,28,32.8709,0.008,12.2594,0.859269,38.2545,0.5,10.87,0,6,50.754
34.3281,12.1073,25,30,23.319,9.58393,34,24,13.5366,8.46876,31,23,23.8084,13.8581,38,25,35.9279,23.6567,51,29,33.1651,13.6206,40,25,44.1825,0.008,13.5492,1.24889,35.3775,0.5,34.6458,0.166667,5,70.3553
13.2999,9.96428,30,24,22.0322,17.2467,41,27,52.23,10.6717,43,28,46.9902,23.0731,54,28,15.0882,11.2442,34,27,51.6584,19.4727,51,29,46.8065,0.005,15.2788,1.25454,37.3098,0.5,15.189,0,6,74.7805
55.7054,2.9714,25,22,50.451,11.6092,49,25,57.9299,3.99318,44,26,30.0926,10.7788,42,24,15.8988,17.5876,44,31,52.5831,12.6343,50,30,32.6567,0.005,9.92908,0.873573,37.3829,3.5,8.55784,0,6,38.7013
13.5672,6.46621,22,28,37.5759,19.7768,52,26,53.4896,2.14681,42,23,32.2616,9.54725,41,28,36.9395,5.80749,40,24,20.0577,11.942,41,30,44.3857,0.004,9.2811,1.19603,37.1107,2.5,11.8552,0,6,62.8023
49.4682,11.7657,32,27,12.5904,5.40756,31,22,38.9347,14.9356,48,29,44.116,13.0738,48,22,40.019,18.0527,53,26,11.551,17.5296,42,29,35.0467,0.004,13.4608,0.952229,36.8049,4.5,9.14962,0,6,38.949
18.8892,23.8204,45,31,42.6429,14.2278,44,26,49.3312,7.55473,40,24,21.8957,14.5953,39,24,23.0838,23.8786,47,28,39.9539,15.6911,44,22,44.5964,0.003,16.628,1.20698,36.9489,0.5,12.1928,0,6,71.2137
31.1621,12.4013,30,27,13.3954,15.5179,42,25,16.4694,15.7698,43,25,30.0812,10.4005,42,25,46.065,11.5202,47,25,27.7501,13.7258,45,27,27.79,0.004,13.2226,0.799316,34.7673,3.5,27.79,0.166667,5,30.4445
15.3058,14.4084,29,26,34.4674,18.6968,51,31,53.6465,15.0482,54,24,24.3388,17.7112,46,31,24.0023,11.1773,41,30,42.28,15.7214,51,30,34.6686,0.006,15.4605,0.885145,39.1671,4.5,10.7962,0,6,37.5968
52.5524,19.4616,39,23,21.2333,17.0376,46,26,29.2914,25.1211,55,26,20.7601,9.73404,39,23,32.8137,7.86667,40,25,14.5109,9.75387,37,25,48.1413,0.008,14.8292,1.34369,35.8277,4.5,9.0248,0,6,61.7845
19.4202,3.47041,20,23,53.6667,17.4674,56,27,50.8253,10.4233,48,26,26.4038,15.9506,45,25,26.4579,6.97103,37,24,27.4206,12.7454,44,31,31.0947,0.002,11.1713,0.842099,36.9252,4.5,10.9612,0,6,32.0859
29.5806,10.0536,37,27,54.2395,17.8141,52,24,38.296,11.263,40,23,22.51,9.2663,34,26,48.2099,13.1465,45,29,46.2486,9.61798,40,25,36.4241,0.006,11.8603,0.998999,36.4606,0.5,9.09874,0,6,57.4083
29.5613,24.992,41,31,52.0579,8.71841,46,29,21.6111,9.18857,39,27,26.4182,9.22213,39,27,47.437,15.2154,52,31,15.0653,7.02062,35,22,44.6521,0.003,12.3928,1.16061,38.473,4.5,6.87852,0,6,54.9638
52.3617,10.3514,31,27,35.2667,11.745,45,28,30.2604,9.34357,41,29,26.7108,20.6633,51,30,16.7093,14.0893,41,28,31.2742,7.61242,39,28,41.4038,0.008,12.3008,1.0842,38.1884,1.5,6.2691,0,6,61.4961
26.3297,22.7539,46,31,32.4786,9.06716,36,29,12.1894,12.4668,33,25,49.6541,12.0155,44,30,16.4336,2.51354,26,24,56.1933,16.1332,50,31,44.2338,0.008,12.4917,1.13771,38.8796,0.5,11.252,0,6,69.9645
29.7211,10.7412,28,24,59.6614,17.6524,56,30,25.0765,18.7252,47,27,20.4667,8.37766,38,29,26.6903,10.1168,42,26,33.9712,18.0562,51,26,36.6879,0.006,13.9449,0.98246,37.3429,2.5,11.8501,0,6,49.5186
44.1698,9.71343,29,30,28.5659,11.8502,43,27,17.5477,18.5582,45,30,34.5428,9.81343,43,27,10.2579,18.8075,43,30,38.8221,5.04602,39,26,31.9405,0.004,12.2981,0.831773,38.4005,3.5,7.10516,0,6,37.2597
21.1368,21.5811,37,29,17.4275,18.321,45,30,42.6401,12.1162,47,31,57.5797,11.0493,50,31,46.91,12.5211,50,31,32.2896,2.66623,35,25,43.2506,0.004,13.0425,1.12669,38.3873,2.5,32.3375,0.166667,5,59.8282
15.9928,15.4345,30,27,18.9131,18.9108,46,28,12.5189,11.3546,37,24,32.5179,19.3086,50,29,25.5509,8.1832,38,23,16.2117,14.4124,41,29,38.235,0.005,14.6007,1.02861,37.1715,2.5,10.1732,0,6,52.2775
57.3289,17.7647,38,28,20.6596,12.5538,42,22,17.3177,29.9015,55,31,18.3732,1.43531,30,22,39.0292,16.4836,49,30,42.5107,5.23889,41,22,48.4037,0.002,13.8963,1.29542,37.3654,4.5,16.8068,0,6,61.4655
12.3067,7.8669,23,26,43.5947,14.3364,49,24,35.6158,28.1982,60,29,59.3069,13.7781,53,26,41.5819,9.64559,45,23,40.7133,9.04966,45,24,55.4098,0.002,13.8125,1.52676,36.2924,2.5,15.3303,0,6,81.9555
31.7612,22.144,52,29,13.1205,15.4093,40,25,47.0569,14.9614,52,22,11.1512,21.7643,46,28,43.3794,12.9142,48,29,53.7883,8.95271,49,25,41.9594,0.005,16.0243,1.13372,37.0106,4.5,10.0825,0,6,50.7206
35.2095,8.08655,27,25,24.3999,16.6583,45,31,21.1854,11.9591,41,29,15.0789,8.17803,36,26,40.1035,11.3886,47,31,48.7621,8.03277,46,27,32.9426,0.006,10.7172,0.889676,37.0277,2.5,24.5354,0.166667,5,42.8031
16.1924,10.4406,26,25,39.0368,11.7113,45,27,34.0471,7.79244,42,25,28.1224,11.8816,43,24,11.0775,19.864,44,31,56.7426,18.7146,57,29,38.8431,0.005,13.4008,1.03753,37.4381,4.5,12.7238,0,6,45.1632
18.3135,16.0468,31,29,57.3001,13.6247,53,30,25.7253,8.80417,38,29,17.8209,13.5626,41,31,40.3284,6.75454,43,25,12.7727,11.9719,37,23,30.2464,0.005,11.7941,0.78842,38.3633,1.5,10.1471,0,6,42.2785
38.888,23.8224,41,28,47.4713,13.5009,51,24,52.6818,20.4808,57,25,29.8952,21.1643,52,25,26.6389,19.0508,48,26,56.4844,15.9386,55,24,42.8846,0.005,18.9929,1.18584,36.1639,1.5,6.81362,0,6,64.6911
38.0367,12.985,21,23,56.828,16.4686,55,28,37.5361,27.0316,59,30,40.5742,22.2611,57,29,29.2591,8.59518,40,28,41.7229,6.99966,43,23,57.9437,0.003,15.7235,1.54701,37.4553,2.5,17.6486,0,6,85.7508
28.4818,20.5387,37,31,44.9952,4.92039,41,25,59.7888,14.0854,53,23,23.4843,21.2993,50,28,32.4643,7.72367,39,23,16.7756,13.4761,41,22,44.0674,0.002,13.6739,1.19867,36.7637,1.5,13.4812,0,6,66.335
40.8104,13.8495,23,30,53.1613,17.4456,54,30,13.7735,6.92893,35,27,16.5038,19.4263,46,31,23.7507,15.8286,45,31,55.2969,9.18253,49,26,36.2177,0.006,13.7769,0.91883,39.4171,4.5,13.1681,0,6,40.0987
47.8052,3.28928,41,25,45.0744,7.50345,43,22,25.3915,17.181,46,29,28.6731,16.3021,47,24,21.8828,15.1981,44,30,17.7032,8.99455,37,28,30.1104,0.008,11.4114,0.810482,37.1512,4.5,7.57608,0,6,30.41
25.8635,7.05075,24,25,32.8487,21.853,52,31,52.2837,13.4709,51,29,16.0822,22.9315,49,30,49.3662,13.5632,51,30,30.5887,11.9336,43,23,45.6925,0.002,15.1338,1.18469,38.569,4.5,11.8399,0,6,56.5656
36.0564,21.3297,39,26,53.2227,12.0093,49,22,18.2255,15.5673,43,26,38.8159,18.805,51,26,40.2492,14.4276,49,27,29.0993,17.9203,49,24,40.5685,0.004,16.6765,1.12362,36.1052,3.5,10.2446,0,6,52.6259
22.4302,14.5831,44,30,54.6084,10.3845,50,27,14.0841,22.8243,49,28,22.4485,4.63265,35,22,37.5692,22.8042,55,28,30.9983,7.1958,39,22,46.8925,0.004,13.7374,1.26463,37.0801,2.5,11.7137,0,6,67.1179
37.69,12.2834,21,28,40.8867,3.20818,39,25,48.4734,9.07655,47,27,10.5491,16.0439,41,31,15.8492,11.0231,38,31,19.4796,13.1922,40,28,30.2485,0.004,10.8046,0.783698,38.5972,3.5,7.24342,0,6,34.3173
59.5578,2.82128,25,21,38.0534,9.90688,43,23,59.3706,17.9154,57,23,26.9204,21.1183,52,31,47.9965,13.7838,51,25,29.302,15.9827,47,24,43.7595,0.009,13.5881,1.20379,36.3513,1.5,14.6099,0,6,65.8781
12.5301,8.35038,18,22,50.7547,22.7034,54,31,11.7172,9.35366,30,28,35.038,12.8463,41,26,50.0147,22.3326,54,30,19.4448,14.817,37,25,30.9829,0.004,15.0672,0.820463,37.7627,0.5,3.78535,0,6,47.8835
28.1225,13.8433,31,24,46.4928,12.8279,48,27,55.9341,5.66883,46,22,12.8517,9.49156,35,23,42.264,17.3561,52,22,50.1485,11.1497,49,26,35.4084,0.004,11.7229,1.03633,34.167,1.5,24.1354,0.166667,5,51.9259
20.9541,12.408,24,31,46.9841,4.74664,38,23,18.7799,15.0051,37,30,42.6596,9.30752,40,29,36.1915,19.8237,47,28,37.9024,11.5874,40,24,35.8554,0.006,12.1464,0.940224,38.1349,0.5,8.44053,0,6,55.9709
33.693,16.5551,34,26,21.1015,15.722,45,29,46.1059,6.69399,43,27,23.3878,10.9855,40,28,45.3002,17.4154,52,30,47.5561,9.30014,47,22,33.5468,0.003,12.7787,0.894985,37.4831,3.5,5.37824,0,6,40.3051
56.3535,18.9466,40,30,23.9836,9.60251,39,29,56.3067,14.3145,53,30,42.0628,10.4806,46,29,28.2042,11.211,43,23,20.9627,2.8688,33,24,28.611,0.004,11.2373,0.752141,38.0394,3.5,3.86913,0,6,31.7544
37.0556,19.9353,37,27,46.4489,19.3842,54,25,56.131,14.8308,54,26,24.3837,14.0321,43,28,25.5879,15.8542,45,29,29.7131,18.0025,49,26,37.8371,0.008,17.0065,1.02155,37.0389,3.5,12.6936,0,6,47.5441
41.6877,9.13372,29,22,29.293,17.0688,48,24,38.655,8.91024,43,25,30.8612,15.6987,47,26,34.6377,9.97907,43,30,20.3034,11.8815,41,29,36.0108,0.006,12.112,0.975419,36.9183,1.5,9.80688,0,6,52.5419
46.7871,16.9052,37,30,55.2482,8.72305,48,24,17.8226,15.9402,43,26,42.8182,7.75181,43,25,27.1878,13.7059,45,22,19.4086,15.2266,42,24,28.0358,0.004,13.0421,0.770741,36.3752,4.5,6.33479,0,6,27.0996
30.6969,18.6347,35,25,42.4632,14.6253,50,30,36.0464,19.2488,52,29,29.6658,12.7161,44,26,32.8851,13.0655,44,22,30.0317,11.1398,43,31,35.4363,0.009,14.905,0.934352,37.9261,3.5,8.54464,0,6,43.2939
45.7584,13.2131,32,28,49.8307,11.3225,49,23,47.2126,15.7776,53,31,30.3991,5.7528,38,26,20.7479,21.0097,49,26,12.0528,12.845,38,30,42.9894,0.005,13.3201,1.13472,37.8856,2.5,12.3875,0,6,60.1344
26.3537,24.4615,53,31,15.3436,9.37161,37,28,15.4821,2.25508,31,22,16.5081,15.8524,43,28,38.1087,5.69427,40,22,55.8278,11.9579,51,26,46.0557,0.005,11.5988,1.23686,37.2359,3.5,14.807,0,6,61.5304
48.4503,14.241,34,22,31.4895,10.7158,42,26,11.7386,24.1283,48,30,15.9625,15.3908,42,24,23.094,19.5913,48,24,32.8595,6.81588,39,22,43.9909,0.002,15.1472,1.21463,36.2175,4.5,13.1678,0,6,54.401
50.1131,13.5934,34,24,47.6991,14.3423,51,30,12.5054,21.2028,46,31,15.1595,15.4867,42,31,52.4659,12.6384,50,22,39.8946,12.0203,45,26,35.9048,0.004,14.8807,0.974995,36.8256,4.5,29.1012,0.166667,5,39.8181
31.5872,8.95786,27,23,51.9467,8.03748,46,24,49.1162,18.4363,55,25,48.1723,14.1555,51,27,39.2395,13.3959,47,28,17.0478,19.1375,46,24,38.8416,0.002,13.6868,1.07445,36.1503,4.5,6.40089,0,6,45.7639
21.173,13.5207,30,23,31.426,24.8426,55,31,43.78,8.59503,44,23,37.4404,10.7053,44,27,57.8951,5.8399,46,25,32.0503,15.4065,46,25,53.2087,0.009,13.1517,1.44622,36.7916,2.5,15.0205,0,6,77.9439
32.5372,7.3633,25,23,22.2752,18.0546,47,24,29.4943,19.4928,50,29,34.5432,11.9852,45,25,44.6815,12.7652,48,24,30.3009,15.4638,46,29,38.6458,0.003,14.1875,1.0557,36.6068,1.5,10.954,0,6,57.1421
42.436,19.6878,38,30,53.8639,14.336,53,25,31.4691,12.0427,43,30,50.3838,13.3953,51,22,20.9877,9.81322,39,31,33.3491,17.9387,51,29,40.6318,0.006,14.5356,1.0546,38.528,2.5,11.8557,0,6,55.9166
30.7293,16.3967,33,26,51.798,11.3228,49,23,42.7166,19.979,54,30,20.3003,12.7535,42,29,12.3074,11.673,37,24,16.338,15.175,42,27,26.9124,0.009,14.55,0.724537,37.1443,3.5,3.63943,0,6,29.0392
42.6735,14.8832,24,29,34.2469,17.4595,50,26,16.2069,16.2694,43,31,23.2923,22.0174,50,26,45.4327,13.1834,48,28,23.3981,7.6978,37,22,45.5082,0.007,15.2518,1.20907,37.6389,1.5,10.8976,0,6,68.5619
27.6212,18.6595,30,30,15.8159,7.68833,30,25,28.9284,5.79169,33,22,36.3911,13.7109,42,29,56.2787,24.3996,57,28,42.9828,17.0818,47,30,34.1127,0.006,14.5553,0.900072,37.9,0.5,6.94256,0,6,53.0994
14.6982,4.57508,33,25,23.8656,16.8497,46,28,15.9302,20.2212,47,27,33.8259,4.46237,39,22,56.1924,22.2201,60,30,24.3667,9.43563,39,24,35.2759,0.005,12.9607,0.957075,36.8581,3.5,8.81193,0,6,43.3325
42.5911,5.55252,36,24,52.3452,11.6492,44,30,23.5594,8.71448,33,28,17.8034,20.6399,42,26,48.1046,17.6177,49,27,31.0194,1.20089,29,24,34.736,0.004,10.8958,0.937982,37.0326,0.5,8.67705,0,6,54.3649
24.589,26.3096,54,29,55.9718,4.18676,44,22,47.5023,20.8605,57,27,56.4732,4.98044,45,22,13.9004,21.3483,48,28,15.6876,3.00551,31,22,50.5673,0.005,13.4485,1.38914,36.4019,2.5,13.2016,0,6,73.6308
43.1756,7.73418,20,22,41.9842,22.347,52,29,16.5808,6.3436,29,24,20.5113,7.159,32,25,44.662,16.3595,46,30,36.5931,15.0314,43,25,47.0231,0.006,12.4958,1.27654,36.8365,0.5,13.3285,0,6,75.3702
49.6955,18.2294,33,23,53.4026,18.7922,52,31,19.6023,13.5338,36,24,26.6176,20.8594,44,30,19.0503,12.442,35,23,36.5409,15.2004,43,28,41.3572,0.005,16.5095,1.14753,36.0401,0.5,36.0988,0.166667,5,65.2248
24.2959,7.20554,20,23,27.23,6.72242,39,23,12.0478,13.0829,38,27,56.3543,14.656,54,24,53.0766,14.7701,52,28,16.3573,12.6087,40,26,22.8187,0.003,11.5076,0.630692,36.1805,1.5,8.34019,0,6,30.114
